Titel,Overline,Date_Info,Kategorie,URL,detailed_informations,bild_plus,Zugriff_Datum,News_page
Star-Komponist Vangelis gestorben,Seine Musik kennt jeder Box-Fan,2022-05-19 20:03:06,Leute,/unterhaltung/leute/leute/star-komponist-vangelis-gestorben-seine-musik-kennt-jeder-box-fan-80145118.bild.html,"
                                Der griechische Komponist Vangelis ist im Alter von 79 Jahren gestorben.",False,19052022,Bild
Kabelbrand in Kabine!  WM-Arena geräumt,Vor Deutschland-Spiel in Helsinki,2022-05-19 18:01:42,US-Sport,/sport/mehr-sport/eishockey/eishockey-wm-in-helsinki-ohne-stuetzle-heute-gegen-die-daenen-80139704.bild.html,"
                                Feueralarm bei der Eishockey-WM. Kurz vor dem Deutschland-Spiel wurde die Arena geräumt.",False,19052022,Bild
Braunschweig muss Mammut-Aufgabe lösen,"Kaum Zeit, viel Arbeit",2022-05-19 16:42:19,2. Bundesliga,/sport/fussball/fussball/eintracht-braunschweig-kaum-zeit-aber-viel-arbeit-80141786.bild.html,"
                                Mitte Juni startet Eintracht Braunschweig in die Vorbereitung, der Kader steht noch nicht.",False,19052022,Bild
Putin lässt tote Soldaten in der Ukraine verrotten,Kreml holt sie nicht ab,2022-05-19 15:25:25,Politik Ausland,/politik/ausland/politik-ausland/kreml-holt-sie-nicht-zurueck-in-die-heimat-putin-laesst-tote-soldaten-in-der-ukr-80137052.bild.html,"
                                Putin lässt gefallene russische Soldaten nicht zurück nach Russland holen.",False,19052022,Bild
Polizei-Einsatz auf Klo vom Eintracht-Block,Wasser-Chaos!,2022-05-19 13:07:31,Fussball,/sport/fussball/europa-league/europa-league-finale-alle-kioske-leer-eintracht-fans-sitzen-auf-dem-trockenen-80134638.bild.html,"
                                Alle Getränkestände in der Kurve waren vorm Spiel ausverkauft. Wie sich die Fans behalfen.",False,19052022,Bild
Liebes-News!,Pietro und seine Ex,2022-05-19 10:39:59,Leute,/unterhaltung/leute/leute/pietro-lombardi-und-seine-schoene-ex-liebes-news-80136012.bild.html,"
                                Star-Lieben sind oft turbulent. Doch bei Pietro und Laura verliert jeder den Überblick!",False,19052022,Bild
French Open 2022: DAS müssen Sie wissen,"Termine, Teilnehmer, Spielplan",2022-05-19 08:59:27,Sport-Mix,/sport/mehr-sport/tennis/french-open-2022-spielplan-teilnehmer-tv-fakten-das-muessen-sie-wissen-79884704.bild.html,"
                                Die Grand-Slam-Reise geht weiter. Alle Infos zu den French Open 2022 gibt's hier.",False,19052022,Bild
Köln plant USA-Reise,Japan-Strategie?,2022-05-19 21:00:27,Bundesliga,/sport/fussball/fussball/1-fc-koeln-japan-strategie-koeln-plant-usa-reise-80140940.bild.html,"
                                Die erste große Tour der Kölner soll nach Amerika gehen – und nicht wie angedacht nach Japan!",False,19052022,Bild
Frankfurt einig mit deutschem Torjäger,Neuer Spieler für SGE,2022-05-19 20:02:37,Bundesliga,/bild-plus/sport/fussball/fussball/eintracht-frankfurt-einigung-mit-stuermer-euro-helden-basteln-schon-am-neuen-kad-80144258.bild.html,"
                                Die Europa League in der Tasche, die Champions League im Blick – und einen Stürmer im Sinn.",True,19052022,Bild
Neues Virus bedroht Bienen weltweit,Insekten verkümmern,2022-05-19 17:58:32,Sachsen-Anhalt,/bild-plus/regional/sachsen-anhalt/sachsen-anhalt-news/bienensterben-neuer-killer-virus-bedroht-bienen-weltweit-80138572.bild.html,"
                                Forscher der Uni Halle warnen vor einem gefährlichen Virus, der Bienen weltweit bedroht.",True,19052022,Bild
Putin setzt Kamikaze-Drohne  gegen US-Artillerie ein,BILD Lagezentrum,2022-05-19,,"/bild-plus/video/clip/video/bild-lagezentrum-putin-setzt-kamikaze-drohne-gegen-us-artillerie-ein-80138450,auto=true.bild.html","
                                Erstmals zeigen Videoaufnahmen, wie Russland von den USA gelieferte Artillerie-Geschütze mit modernen Kamikaze-Drohnen attackiert – und zum Glück für die Ukrainer verfehlt.",True,19052022,Bild
Zwei Tote nach Crash bei Streit am Steuer,In Gegenverkehr gerammt,2022-05-19 15:13:14,Sachsen-Anhalt,/regional/sachsen-anhalt/sachsen-anhalt-news/verkehrsunfall-zwei-tote-nach-crash-bei-streit-am-steuer-80137064.bild.html,"
                                Ein Fordfahrer stritt während der Fahrt mit seinem Beifahrer und rammte in den Gegenverkehr.",False,19052022,Bild
EU-Parlament fordert Sanktionen gegen Schröder,Wegen Russland-Geschäften,2022-05-19 13:07:36,Politik,/politik/2022/politik/gerhard-schroeder-eu-fordert-sanktionen-gegen-alt-kanzler-wegen-putin-naehe-80139574.bild.html,"
                                Das Europaparlament hat sich für EU-Sanktionen gegen Gerhard Schröder ausgesprochen.",False,19052022,Bild
Sachsens älteste Bürgermeisterin macht Schluss,Wechsel in Wechselburg,2022-05-19 10:38:40,Chemnitz,/regional/chemnitz/chemnitz-news/wechsel-in-wechselburg-sachsens-aelteste-buergermeisterin-macht-schluss-80137694.bild.html,"
                                Renate Naumann (77), Sachsens älteste Bürgermeisterin, tritt zur Wahl nicht wieder an.",False,19052022,Bild
Amoklauf in Deutschland – wer trägt Schuld?,Journalistin Susanne Gaschke,2022-05-19,,"/video/clip/bild-tv/journalistin-susanne-gaschke-amoklauf-in-deutschland-wer-traegt-schuld-80144642,auto=true.bild.html","
                                Wer trägt die Verantwortung für den vereitelten Amoklauf in Essen oder heute in Bremerhaven? Weder die Politik noch Lehrer können so was verhindern, hier stehen die Eltern in der Pflicht!",False,19052022,Bild
Cooler Eishockey-Sieg gegen Dänen,Nach Kabelbrand in einer Kabine,2022-05-19 20:02:46,Sport-Mix,/sport/mehr-sport/eishockey/eishockey-wm-nach-kabelbrand-in-der-kabine-cooler-sieg-gegen-daenen-80144830.bild.html,"
                                Dritter Sieg bei der WM für unsere Eishockey-Jungs! ",False,19052022,Bild
FCK-Schuster: „Dresden  hat etwas zu verlieren!“,Freitag Relegation,2022-05-19 17:57:24,Fussball,/sport/fussball/fussball/freitag-relegation-fck-schuster-dresden-hat-etwas-zu-verlieren-80143986.bild.html,"
                                Ganz Deutschland schaut am Freitag auf den Betzenberg. Um 20.30 Uhr steigt für Lautern das erste Relegationsspiel um den Aufstieg.",False,19052022,Bild
Doppel-Dennis bei Preußen?,Gespräche nach Pokal,2022-05-19 16:34:09,Fussball,/sport/fussball/fussball/gespraeche-nach-pokal-doppel-dennis-bei-den-preussen-80141178.bild.html,"
                                Nach dem Rödinghausen-Finale plant Preußen die neue Saison. Womöglich mit Dennis Grote...",False,19052022,Bild
Hagemann & Freund waren schwer zu ertragen,TV-Urteil zum RTL-Abend,2022-05-19 15:12:23,Fussball,/sport/fussball/europa-league/eintracht-frankfurt-holt-europa-league-tv-urteil-zum-rtl-abend-schwer-zu-ertrage-80138624.bild.html,"
                                In seiner TV-Kritik widmet sich BILD-Reporter Michael Makus dem Europacup-Abend bei RTL. ",False,19052022,Bild
"„Ich bin einfach froh, dass es jetzt vorbei ist.“",Nina Kristin bei „KDRS“,2022-05-19 13:03:26,Leute,/unterhaltung/leute/leute/kampf-der-realitystars-nina-kristin-reagiert-gelassen-auf-flirtversuch-79678750.bild.html,"
                                Sie kann singen, schauspielern & sieht fantastisch aus. Wer ist die schöne Rheinländerin?",False,19052022,Bild
Kommt „Menstruationsurlaub“ auch in Deutschland?,Spanischer Gesetzentwurf,2022-05-19 10:34:40,Politik Inland,/politik/inland/politik-inland/kommt-der-menstruationsurlaub-auch-in-deutschland-80131592.bild.html,"
                                Bei starken Regelschmerzen sollen Frauen in Spanien künftig zusätzliche Krankentage haben ",False,19052022,Bild
"„Merkel und ich waren wie Mutti und Schwiegersohn""",Söder & Die Kanzlerin,2022-05-19 20:57:28,München,/regional/muenchen/muenchen-regional-politik-und-wirtschaft/soeder-und-die-kanzlerin-merkel-und-ich-waren-wie-mutti-und-schwiegersohn-80145910.bild.html,"
                                CSU-Chef Markus Söder blickt mit Wehmut auf die Zeit mit Kanzlerin Angela Merkel (CDU) zurück. ",False,19052022,Bild
"Kobylanski da,  Dressel weg",Fünter 1860-Neuzugang,2022-05-19 20:00:28,Fussball,/sport/fussball/fussball/1860-muenchen-martin-kobylanski-wird-ein-loewe-dennis-dressel-wechselt-80144952.bild.html,"
                                Große Freude bei Michael Köllner (52): Der Löwe-Coach bekommt seinen Wunschspieler...",False,19052022,Bild
Hier gibt es die Brutalo-Schlacht der Käfig-Frauen,„We Love MMA“,2022-05-19 17:57:09,Sport-Mix,/bild-plus/sport/mehr-sport/sport-mix/we-love-mma-58-am-samstag-hier-gibt-es-die-kaefig-schlacht-aus-duesseldorf-80115038.bild.html,"
                                Star-Spektakel am Samstag bei „We Love MMA 58“! Jetzt anmelden!",True,19052022,Bild
Schultz düst mit Lechner nach Portugal,St. Pauli im Urlaub,2022-05-19 16:33:42,2. Bundesliga,/sport/fussball/fussball/fc-st-pauli-auftanken-trainer-timo-schultz-mit-osteopath-florian-lechner-nach-po-80141754.bild.html,"
                                Männer-Trip – so lautet das Programm für St. Paulis Trainer Schultz.",False,19052022,Bild
Knallgeräusche lösen SEK-Einsatz aus,Zugriff in Remscheid (NRW),2022-05-19 15:06:34,Düsseldorf,/regional/duesseldorf/duesseldorf-aktuell/zugriff-in-remscheid-nrw-knallgeraeusche-loesen-sek-einsatz-aus-80138928.bild.html,"
                                Zeugen hörten am Donnerstag in Remscheid Knallgeräusche, ein SEK rückte an. Zugriff!",False,19052022,Bild
Das macht Eintracht jetzt mit den Pott-Millionen,Drei neue Stars ,2022-05-19 13:02:44,Bundesliga,/bild-plus/sport/fussball/fussball/eintracht-frankfurt-das-passiert-jetzt-mit-den-pott-millionen-80136954.bild.html,"
                                Eintracht kassiert durch den Titelgewinn ab. BILD erklärt, was mit der Kohle passiert.",True,19052022,Bild
Millionär will Erzgebirge kaufen,Insolvente Miniaturschau,2022-05-19 10:34:53,Chemnitz,/regional/chemnitz/chemnitz-news/insolventer-miniaturpark-millionaer-will-erzgebirge-kaufen-80137114.bild.html,"
                                Der insolvente Miniaturpark „Klein-Erzgebirge“ in Oederan könnte bald gerettet sein.",False,19052022,Bild
Wo läuft Deutschland gegen Italien im Free-TV?,Eishockey-WM 2022,2022-05-19 20:57:33,Sport-Mix,/sport/mehr-sport/eishockey/eishockey-wm-wo-laeuft-deutschland-italien-im-free-tv-80123560.bild.html,"
                                So können Sie das Spiel Deutschland gegen Italien live im Free-TV sehen.",False,19052022,Bild
So holen wir  unseren 1. Titel,Leipzigs André Silva,2022-05-19 20:00:26,Bundesliga,/sport/fussball/fussball/rb-leipzigs-andr-silva-im-bild-interview-so-holen-wir-den-1-titel-80142946.bild.html,"
                                Vorm Pokalfinale spricht André Silva über das Endspiel, Christopher Nkunku und die Fans.",False,19052022,Bild
Diese 6 Top-Aktien profitieren vom Euro-Absturz,Geld weniger Wert,2022-05-19 17:56:05,Leben und Sparen,/bild-plus/geld/mein-geld/leben-und-sparen/aktien-sechs-top-werte-profitieren-besonders-vom-euro-absturz-80064246.bild.html,"
                                Der Euro fällt, doch das bietet auch Chancen. So könnten Sie vom Eurotief profitieren.",True,19052022,Bild
Reifenplatzer an Todes-Brummi schuld?,Horror-Unfall auf A620,2022-05-19 16:30:54,Saarland,/regional/saarland/saarland-news/horror-unfall-auf-a620-reifenplatzer-verdacht-bei-todes-brummi-80141864.bild.html,"
                                Vermutlich ein geplatzter Reifen war Grund für den tödlichen Unfall auf der A620-Brücke...",False,19052022,Bild
Aktivisten nerven Geheimdienste mit Scherzanrufen,Anti-Kriegs-Aktion in Russland,2022-05-19 14:57:06,Politik Ausland,/politik/ausland/politik-inland/ukraine-krieg-aktivisten-aergern-russen-geheimdienst-mit-scherzanrufen-80137788.bild.html,"
                                Die Besucher der Internet-Seite können Telefon-Konferenzen zwischen russischen Militärs starten.",False,19052022,Bild
Christoph nahm 153 Kilo (und 4 Schuhgrößen) ab,"Ohne Sport, Pillen, OP",2022-05-19 13:02:29,Ratgeber,/bild-plus/ratgeber/2022/ratgeber/ohne-op-ohne-sport-ohne-pillen-so-hat-christoph-153-kilo-abgenommen-80117534.bild.html,"
                                Er wog mehr als 250 Kilogramm, heute trägt er Slim fit. Christoph nahm über 150 Kilo ab.",True,19052022,Bild
"Mann (23) ertrinkt, als er „Titanic“-Szene nachspielt",Türkei-Tragödie,2022-05-19 10:29:32,News Ausland,/news/ausland/news-ausland/tuerkei-mann-23-ertrinkt-weil-er-titanic-szene-nachspielen-wollte-80123016.bild.html,"
                                In der Türkei ist ein junger Mann ertrunken, weil er eine Filmszene nachspielen wollte.",False,19052022,Bild
"Das erkennen Delfine, wenn sie Urin trinken",Schmecken statt riechen,2022-05-19 20:57:34,Ratgeber,/ratgeber/wissenschaft/ratgeber/studie-das-erkennen-delfine-wenn-sie-urin-trinken-80139456.bild.html,"
                                Sie nehmen einen tiefen Zug und dann wissen sie Bescheid …",False,19052022,Bild
„Let’s Dance“-Finale – Llambi legt sich fest!,Chefjuror legt sich fest,2022-05-19 19:55:02,TV,/unterhaltung/tv/tv/lets-dance-joachim-llambi-sein-favorit-fuers-finale-80137546.bild.html,"
                                Janin Ullmann, Mathias Mester und René Casselly – Juror Llambi macht den Kandidaten-Check.",False,19052022,Bild
Hartz-IV-Sanktionen werden für ein Jahr ausgesetzt,Bundestag beschließt,2022-05-19 17:55:39,Politik Inland,/politik/inland/news-inland/hartz-iv-sanktionen-bundestag-beschliesst-aussetzung-bis-mitte-2023-80141344.bild.html,"
                                Der Bundestag hat ein Gesetz zur Aussetzung der Hartz-IV-Sanktionen beschlossen. ",False,19052022,Bild
Merz fordert Lambrecht-Rauswurf,Klartext im Bundestag,2022-05-19 16:29:15,Politik Inland,/politik/inland/politik-inland/klartext-im-bundestag-merz-fordert-rauswurf-von-lambrecht-80139512.bild.html,"
                                Merz legt Kanzler Scholz die Entlassung der Verteidigungsministerin nahe.",False,19052022,Bild
Schiedsrichter gejagt und verletzt!,Nach Roter Karte,2022-05-19 14:57:59,Köln,/regional/koeln/koeln-aktuell/fussball-schiedsrichter-in-euskirchen-durch-flaschenwurf-verletzt-80140420.bild.html,"
                                Schlimme Gewalt-Szenen bei einem Amateur-Fußballspiel in Euskirchen (NRW).",False,19052022,Bild
Polizei Hagen fahndet nach brutalem Räuber,Nächtlicher Überfall,2022-05-19 13:00:25,Ruhrgebiet,/regional/ruhrgebiet/ruhrgebiet-aktuell/hagen-mann-nachts-brutal-in-seiner-wohnung-ueberfallen-polizei-fahndet-80139650.bild.html,"
                                ER soll gemeinsam mit einem Komplizen einen Mann (69) in seiner Wohnung beraubt haben.",False,19052022,Bild
Fragen zu Eigenheim und Mietwohnung? ,RUFEN SIE UNS AN!,2022-05-19 10:29:45,,/sparfochs/2022/sparfochs/mieten-oder-kaufen-was-wollen-sie-wissen-rufen-sie-an-80129170.bild.html,"
                                Top-Immobilienexperten beantworten Ihre Fragen rund um Eigenheim und Mietwohnung.",False,19052022,Bild
Stückel-Leiche aus Fluss identifiziert,Keine Straftat?,2022-05-19 20:54:39,Mecklenburg-Vorpommern,/regional/mecklenburg-vorpommern/mecklenburg-vorpommern-news/gruselfund-stueckel-leiche-aus-fluss-identifiziert-80145750.bild.html,"
                                Die Identität der Stückel-Leiche, die ein Angler Anfang Mai in Mecklenburg-Vorpommern entdeckte, ist geklärt.",False,19052022,Bild
Ric Flair vor   Mega-Comeback - mit 73!,Wrestling-Wahnsinn,2022-05-19 19:55:50,Sport-Mix,/sport/mehr-sport/wrestling/wrestling-wahnsinn-ric-flair-vor-mega-comeback-mit-73-80082290.bild.html,"
                                Das gibt es doch gar nicht! Ric Flair plant tatsächlich ein Wrestling-Comeback.",False,19052022,Bild
Frankfurt feiert Eintrachts Europa-Helden,Live vom Römer,2022-05-19,Fußball,"https://www.bild.de/video/clip/sport-videos/europa-league-frankfurt-feiert-eintracht-helden-auf-dem-roemer-80142144,auto=true.bild.html","
                                Der Europa-League-Sieger feiert seinen Titel im Herzen der Stadt",False,19052022,Bild
„Mick ist der Crash-Pilot der Formel 1“,Formel-1-Experte Danner,2022-05-19 16:29:37,Formel 1,/sport/motorsport/motorsport/formel-1-experte-danner-mick-ist-der-crash-pilot-der-formel-1-80142774.bild.html,"
                                Der Deutsche ist noch ohne Punkte. Die braucht er – auch als Argument für einen neuen Vertrag.",False,19052022,Bild
9-Euro-Ticket schon ab Samstag in Leipzig!,Wenn der Bundesrat zustimmt,2022-05-19 14:54:11,Leipzig,/regional/leipzig/leipzig-news/9-euro-ticket-schon-ab-samstag-in-leipzig-80133914.bild.html,"
                                Auch haben die LVB zum Test einige der doch unspektakulär aussehenden Tickets ausgedruckt.",False,19052022,Bild
Silber-Diebe plündern St. Michaelis,Lüneburg,2022-05-19 12:57:43,Hamburg,/regional/hamburg/hamburg-aktuell/lueneburg-silber-diebe-pluendern-st-michaelis-80138724.bild.html,"
                                Einbrecher hebelten die Eingangstür der Michaelis-Kirche auf und stahlen sakrale Gegenstände.",False,19052022,Bild
Rätsel um Trapps Trinkflasche,Reif ist Live vom 19.05.22,2022-05-19,,"https://www.bild.de/video/clip/video/reif-ist-live-raetsel-um-trapps-trinkflasche-80136686,auto=true.bild.html","
                                Fußball-Experte Marcel Reif spricht über den Erfolg von Eintracht Frankfurt in der Europa League. Den Poker um Lewandowski und die Relegation in der Bundesliga.",False,19052022,Bild
„Ich bleibe im Asowstal!“,Ukraine-Kommandeur meldet sich,2022-05-19 20:54:50,Politik Ausland,/politik/ausland/politik-ausland/ukraine-kommandeur-palamar-meldet-sich-bei-bild-ich-bleibe-im-asowstal-80145356.bild.html,"
                                Es sind dramatischen Stunden in der ostukrainischen Hafenstadt Mariupol. ",False,19052022,Bild
Mercedes baut Super-Sportwagen,1000-PS-Silberteil,2022-05-19 19:55:27,Auto-News,/bild-plus/auto/auto-news/auto-news/1000-ps-silberteil-mercedes-baut-super-sportwagen-vision-amg-80127584.bild.html,"
                                Mercedes macht sich radikal fit für die emissionsfreie Antriebswelt. Neuester Wurf: der Vision AMG. ",True,19052022,Bild
Hier gibt der Verdächtige auf,Schütze am Boden,2022-05-19 17:48:12,News,/news/2022/news/bremerhaven-polizei-meldet-schuesse-an-schule-ein-verletzter-80137762.bild.html,"
                                Ein Pfeil steckt in der Hauswand, eine Frau ist schwer verletzt. Amok in Bremerhaven. ",False,19052022,Bild
Supertalent Savic (16) bleibt Fortune,Kampf gewonnen,2022-05-19 16:29:11,2. Bundesliga,/sport/fussball/fussball/fortuna-duesseldorf-supertalent-david-savic-16-bleibt-80142626.bild.html,"
                                Sieg! David Savic ist noch immer 16 Jahre jung und heiß begehrt. Jetzt bleibt er Fortune.",False,19052022,Bild
Vermisster Junge (10) in Park entdeckt,Nach 22 Stunden,2022-05-19 14:54:27,Leipzig,/regional/leipzig/dresden-aktuell/polizei-sucht-junge-10-in-leipzig-spurlos-verschwunden-80135784.bild.html,"
                                Aufatmen im Westen der Messestadt: Ein vermisste zehnjähriger Junge ist wieder da.",False,19052022,Bild
Ex-US-Präsident George W. Bush verwechselt Ukraine mit Irak,Unangenehmer Versprecher,2022-05-19,Politik Ausland,"https://www.bild.de/video/clip/politik-ausland/versprecher-george-w-bush-verwechselt-ukraine-mit-irak-80139182,auto=true.bild.html","
                                In seiner Rede am George W. Bush Institute sprach Bush mit Blick auf Kreml-Tyrann Wladimir Putin von der „Entscheidung eines einzelnen Mannes, eine völlig ungerechtfertigte und brutale Invasion im Irak zu starten“.",False,19052022,Bild
Bus auf dem Weg nach Hannover verunglückt,Schwerer Unfall in Österreich,2022-05-19 10:23:16,Hannover,/regional/hannover/hannover-aktuell/schwerer-unfall-in-oesterreich-19-verletzte-bus-auf-dem-weg-nach-hannover-verung-80137250.bild.html,"
                                25 Menschen waren auf dem Weg nach Hannover - nun sind drei schwer und 16 leicht verletzt!",False,19052022,Bild
Alena Gerber schafft nackte Tatsachen,Gegen Tierversuche,2022-05-19 20:51:02,Hamburg,/regional/hamburg/hamburg-aktuell/wahre-schoenheit-schadet-tieren-nicht-alena-gerber-schafft-nackte-tatsachen-80135428.bild.html,"
                                So nackt haben wir Topmodel und Schauspielerin Alena Gerber (32) noch nie gesehen! ",False,19052022,Bild
So plant Bayern jetzt mit Arp!,Fiete wieder da,2022-05-19 19:54:13,Bundesliga,/bild-plus/sport/fussball/fussball/fc-bayern-muenchen-so-plant-der-meister-jetzt-mit-rueckkehrer-fiete-arp-80143248.bild.html,"
                                Der bestbezahlte Viertligaspieler? Leih-Stürmer Fiete Arp kommt zum FC Bayern zurück.",True,19052022,Bild
Wer hat Janine F. gesehen?,Seit Tagen vermisst,2022-05-19 17:47:57,Sachsen-Anhalt,/regional/sachsen-anhalt/sachsen-anhalt-news/vermisst-junge-frau-verschwunden-80143382.bild.html,"
                                Seit mehreren Tagen wird die junge Frau vermisst. Janine F. braucht medizinische Hilfe.",False,19052022,Bild
Thioune macht endlich wieder Lust auf Fortuna,100 Tage Trainer,2022-05-19 16:29:28,2. Bundesliga,/sport/fussball/fussball/fortuna-duesseldorf-daniel-thioune-100-tage-fortuna-trainer-80142282.bild.html,"
                                Daniel Thioune (47) ist erst so kurz in Düsseldorf. Und nicht mehr wegzudenken...",False,19052022,Bild
6 Comebacks – und wer jetzt auf die WM hoffen darf,Flicks neuer Kader,2022-05-19 14:49:46,Fussball,/sport/fussball/nationalmannschaft/flicks-neuer-kader-6-comebacks-und-wer-jetzt-ploetzlich-auf-die-wm-hoffen-darf-80138518.bild.html,"
                                Bundestrainer Hansi Flick (57) gab seinen Nations-League-Kader für den Juni bekannt.",False,19052022,Bild
Brand im Straßenbahn-Tunnel,Ludwigshafen,2022-05-19 12:42:20,Stuttgart,/regional/stuttgart/stuttgart-aktuell/ludwigshafen-brand-im-strassenbahn-tunnel-80139480.bild.html,"
                                Ein Baustellenfahrzeug hat am frühen Donnerstagmorgen in Ludwigshafen gebrannt.",False,19052022,Bild
Frankfurt-Überflieger gehört dem BVB,Haben Sie es mitbekommen?,2022-05-19,,"https://www.bild.de/video/clip/bild-tv/haben-sie-es-mitbekommen-frankfurt-ueberflieger-gehoert-dem-bvb-reif-ist-live-80136220,auto=true.bild.html","
                                Das ist eine irre Geschichte! Welcher Frankfurt-Star dem BVB gehört, sehen Sie im Video.",False,19052022,Bild
Wird sein Tod nie  gesühnt?,Stückel-Mord! ,2022-05-19 20:51:14,Bremen,/regional/bremen/bremen-aktuell/stueckel-mord-3-verdaechtige-aus-u-haft-wird-sein-tod-nie-gesuehnt-80139602.bild.html,"
                                3 Verdächtige wurden jetzt aus der U-Haft entlassen. Grund: personelle Überlastung.",False,19052022,Bild
Wo läuft die Bundesliga-Relegation?,Hertha gegen den HSV,2022-05-19 19:47:23,Bundesliga,/sport/fussball/fussball/hertha-bsc-hsv-wo-laeuft-die-bundesliga-relegation-heute-im-free-tv-80135378.bild.html,"
                                Heute muss der HSV in der Relegation bei Hertha ran. Das Spiel läuft im Free-TV.",False,19052022,Bild
Ford-Bosse lassen Saarlouis weiter zittern,Nach Rehlingers Besuch,2022-05-19 17:44:14,Saarland,/regional/saarland/saarland-news/nach-rehlingers-besuch-ford-bosse-lassen-saarlouis-weiter-zittern-80142236.bild.html,"
                                Es war eine Reise der Hoffnung, aber leider ohne konkrete Ergebnisse...",False,19052022,Bild
Die Geheimcodes der  „Let’s Dance“-Stars!,Kniffe und Kommandos,2022-05-19 16:29:55,TV,/bild-plus/unterhaltung/tv/tv/lets-dance-finale-am-freitag-die-geheimcodes-der-promi-tanzpaare-80140586.bild.html,"
                                Wenn sie übers Parkett schweben, sprechen diese Stars ihre eigene Sprache –  wortwörtlich!",True,19052022,Bild
DHL-Pilot wird zum Internet-Star,William Verhoest (29),2022-05-19 14:48:39,Leipzig,/regional/leipzig/leipzig-news/william-verhoest-29-dhl-pilot-wird-zum-internet-star-80133988.bild.html,"
                                Gestartet als DHL-Pilot, gelandet als Internet-Star. William Verhoest (29) zeigt uns die Welt aus dem Cockpit seiner Boeing.",False,19052022,Bild
Warum Yasin unbedingt gewinnen will,„Kampf der Realitystars 2022“,2022-05-19 12:42:49,Leute,/unterhaltung/leute/leute/kampf-der-realitystars-darum-will-yasin-mohamed-unbedingt-gewinnen-79675432.bild.html,"
                                Yasin Mohamed nimmt an „Kampf der Realitystars“ 2022 teil. Wer ist das noch mal?",False,19052022,Bild
Verdrängt Trapp jetzt Neuer?,Heiße Frage im Live-TV,2022-05-19,,"https://www.bild.de/video/clip/bild-tv/heisse-frage-im-live-tv-verdraengt-trapp-jetzt-neuer-reif-ist-live-80136140,auto=true.bild.html","
                                Kevin Trapp in der Form seines Lebens. Was das für sein Standing in der Nationalelf bedeutet.",False,19052022,Bild
"„Ich sah, wie der Typ wahllos um sich schoss!“",Mann kickte Waffe weg,2022-05-19 20:51:49,Bremen,/bild-plus/regional/bremen/bremen-aktuell/gewalttat-in-bremerhaven-so-lief-die-festnahme-des-schul-schuetzen-80140446.bild.html,"
                                Ein Zeuge berichtet von der Festnahme des Schul-Schützen aus Bremerhaven.",True,19052022,Bild
Abwahl-Antrag gegen ALLE Hertha-Bosse,Totales Chaos vor Relegation,2022-05-19 19:42:40,Bundesliga,/bild-plus/sport/fussball/fussball/hertha-bsc-totales-chaos-jetzt-abwahlantrag-gegen-alle-hertha-bosse-80133610.bild.html,"
                                Die Chaos-Tage bei Hertha gehen weiter! Nach der Ticket-Panne droht nun Chaos auf der MV.",True,19052022,Bild
Großer Frust bei  Vallourec-Belegschaft,NRW-Werke schließen,2022-05-19 17:40:55,Düsseldorf,/regional/duesseldorf/duesseldorf-regional-politik-und-wirtschaft/duesseldorf-muelheim-grosser-frust-bei-vallourec-belegschaft-80141878.bild.html,"
                                Tag eins nach dem Vallourec-Schock. 1000 Mitarbeiter versammelten sich in Düsseldorf.",False,19052022,Bild
Volles Pfund für  Münzen-Becker,Knast für Karussell-Handel,2022-05-19 16:28:48,Hamburg,/regional/hamburg/hamburg-aktuell/4-jahre-knast-fuer-verbotenen-handel-mit-platin-praegungen-volles-pfund-fuer-mue-80136852.bild.html,"
                                Achim Becker (74), Gründer der Emporium Hamburg Münzhandelsgesellschaft, muss hinter Gitter!",False,19052022,Bild
Kripo Augsburg verhaftet Verdächtigen (49),Sexueller Missbrauch,2022-05-19 14:48:57,München,/regional/muenchen/muenchen-aktuell/sexueller-missbrauch-kripo-augsburg-verhaftet-verdaechtigen-49-80140964.bild.html,"
                                Ein Mann wurde jetzt verhaftet, weil er auf einem Spielplatz ein Kind (8) missbrauchte.",False,19052022,Bild
Ösi-Ghostbusters suchen Geist von Chris Roberts,„Hier ist Christian“,2022-05-19 12:37:31,München,/bild-plus/regional/muenchen/muenchen-aktuell/hier-ist-christian-oesi-ghostbusters-suchen-geist-von-schlagerstar-chris-roberts-80138176.bild.html,"
                                Geisterjäger suchten auf der Burgruine Landskron nach Schlager-Legende Chris Roberts (†73).",True,19052022,Bild
„ER ist sicher ein Thema“,Holt Bayern diesen Star-Stürmer?,2022-05-19,,"https://www.bild.de/video/clip/bild-tv/holt-bayern-diesen-star-stuermer-er-ist-sicher-ein-thema-reif-ist-live-80136300,auto=true.bild.html","
                                Wen holt Bayern, wenn Lewandowski gehen sollte? Die Analyse.",False,19052022,Bild
Unwetter peitscht über NRW,Plötzlich dunkel,2022-05-19 21:02:19,News Inland,/news/inland/ruhrgebiet-aktuell/ploetzlich-wurde-es-dunkel-schwerer-sturm-fegt-ueber-nrw-80142296.bild.html,"
                                Der Deutsche Wetterdienst warnt vor schweren Unwettern am Donnerstagnachmittag in NRW.",False,19052022,Bild
SEK nimmt Student (21) fest,Falscher Amok-Alarm,2022-05-19 19:36:05,Leipzig,/regional/leipzig/leipzig-news/falscher-amokalarm-in-leipzig-sek-nimmt-student-fest-80135994.bild.html,"
                                Ein Schülerprojekt hat in Leipzig einen SEK-Einsatz ausgelöst. ",False,19052022,Bild
Klaas fordert Fleischkäs'-Rabatt,TV-Moderator wettert,2022-05-19 17:34:46,Saarland,/regional/saarland/saarland-news/tv-moderator-wettert-klaas-fordert-fleischkaes-rabatt-80141964.bild.html,"
                                Da wird doch der Fleischkäs' im Weck verrückt!... ",False,19052022,Bild
Nordhausen bleibt abgehängt,Bahnausbau verzögert sich,2022-05-19 16:26:11,Thüringen,/regional/thueringen/thueringen-aktuell/verbindung-nordhausen-erfurt-bahn-kuendigt-jahrelange-verzoegerung-an-80140416.bild.html,"
                                Bis 2025 sollte sich die Anbindung nach Erfurt verbessern. Doch der Ausbau verzögert sich.",False,19052022,Bild
Aus dem All habe ich die Raketen-Einschläge gesehen,Astronaut zur Ukraine,2022-05-19 14:43:47,Ratgeber,/ratgeber/wissenschaft/ratgeber/interview-mit-astro-matthias-aus-dem-all-habe-ich-die-raketen-einschlaege-gesehe-80127536.bild.html,"
                                Astronaut Matthias Maurer (52) ist zurück von der ISS. Exklusiv-Interview mit BILD.",False,19052022,Bild
Die Jakic Twins fliegen im Doppelpack raus,„Kampf der Realitystars“,2022-05-19 12:33:10,Leute,/unterhaltung/leute/leute/kampf-der-realitystars-die-jakic-twins-gibt-es-nur-im-doppelpack-79693184.bild.html,"
                                Die Jakic Twins Ilona und Suzana gingen bei der Show als Team an den Start. Mehr Infos hier!",False,19052022,Bild
Deshalb nehme ich eine Auszeit bei GZSZ,Felix von Jascheroff,2022-05-19 10:17:46,Leute,/unterhaltung/leute/leute/gzsz-star-felix-von-jascheroff-deshalb-nehme-ich-eine-soap-auszeit-80124274.bild.html,"
                                In den kommenden Wochen müssen Soap-Fans auf Felix von Jascheroff verzichten. Der Grund!",False,19052022,Bild
Joggerin (41) im Bürgerpark vergewaltigt,Mitten in Bremen,2022-05-19 20:50:05,Bremen,/regional/bremen/bremen-aktuell/mitten-in-bremen-joggerin-41-im-buergerpark-vergewaltigt-80137246.bild.html,"
                                Ein bislang unbekannter Mann hat im Bürgerpark eine Joggerin angegriffen und vergewaltigt.",False,19052022,Bild
So malen Kinder aus der Ukraine den Krieg,Bewegende Ausstellung,2022-05-19 19:35:07,Köln,/regional/koeln/koeln-aktuell/ausstellung-in-koeln-so-malen-kinder-aus-der-ukraine-den-krieg-80143456.bild.html,"
                                Valeria (10) hat den Schrecken gemalt, den sie vor ihrem Fenster sieht: brennende Häuser und Ruinen.",False,19052022,Bild
Erleben Sie BILD100 Sport LIVE,Exklusiv für BILDplus-Kunden,2022-05-19 17:30:51,,/bild-plus/sport/2022/sport/exklusiv-fuer-bildplus-kunden-erleben-sie-bild100-sport-live-80132494.bild.html,"
                                Am Freitag steigt im Berliner Axel-Springer-Haus BILD100 Sport! ",True,19052022,Bild
Er hat richtig BOCK auf den Zaun,Tier-rettung,2022-05-19 16:26:18,Hamburg,/regional/hamburg/hamburg-aktuell/tier-rettung-er-hat-richtig-bock-auf-den-zaun-80141062.bild.html,"
                                Irre Tier-Rettung an der Fünfhausener Straße in Hamburg!",False,19052022,Bild
„Hertha gehört in die Bundesliga!“,Friedrich fiebert mit,2022-05-19 14:39:17,Bundesliga,/sport/fussball/fussball/hertha-bsc-friedrich-fiebert-mit-hertha-gehoert-in-die-bundesliga-80140360.bild.html,"
                                Ex-Kapitän und -Sportdirektor Friedrich ist von Herthas Klassenerhalt überzeugt, wenn...",False,19052022,Bild
Peinlicher Irak-Versprecher von Ex-US-Präsident Bush,Es ging um die Ukraine,2022-05-19 12:32:21,Politik Ausland,/politik/ausland/politik-ausland/ukraine-krieg-ex-us-praesident-george-w-bush-mit-peinlichem-irak-versprecher-80138558.bild.html,"
                                Dem früheren US-Präsidenten George W. Bush geht sein Irak-Krieg offenbar nicht aus dem Kopf.",False,19052022,Bild
So feiert die ganze  Welt unsere Eintracht!,Die Pressestimmen,2022-05-19 10:17:27,Fussball,/sport/fussball/europa-league/eintracht-frankfurt-pressestimmen-dank-trapp-hat-frankfurt-europa-zurueckerobert-80135590.bild.html,"
                                Eintracht Frankfurt hat die Europa League gewonnen! Die Pressestimmen.",False,19052022,Bild
Influencerin fackelt fast die Küche ab!,Live beim Kochen,2022-05-19,Leute,"https://www.bild.de/video/clip/video/fett-explosion-bei-livestream-influencer-koechin-fackelt-fast-die-kueche-ab-bild-boxx-80131764,auto=true.bild.html","
                                Möchtegern-Köchin kajnecaron mag‘s heiß, ein Megastar wechselt Windeln und Courtney Cox hat irgendwas mit den Augen – in der BILDBoxx mit Martin Gerstenberg.",False,19052022,Bild
Ein neues Traumpaar – und eine Neubesetzung!,Heiße „Bridgerton“-News,2022-05-19 19:21:09,TV,/unterhaltung/tv/tv/bridgerton-staffel-3-ein-neues-traumpaar-und-hannah-dodd-ist-die-neue-80127874.bild.html,"
                                Lady Whistledown weiß es eh längst: „Bridgerton“ traut sich für Staffel 3 was Neues!",False,19052022,Bild
Haft für falschen Impfarzt,Hochstapler,2022-05-19 17:28:53,München,/regional/muenchen/muenchen-aktuell/urteil-in-traunstein-haft-fuer-falschen-impfarzt-80140776.bild.html,"
                                Die Traunsteiner Richterin Jacqueline Aßbichler ordnete Haft für falschen Impfarzt an.",False,19052022,Bild
„Einen Diktat-Frieden wird es nicht geben“,Klare Scholz-Ansage an Putin,2022-05-19 16:25:52,Politik Inland,/politik/inland/politik-inland/scholz-erklaert-seine-ukraine-politik-regierungserklaerung-live-80135820.bild.html,"
                                Regierungserklärung im Bundestag. Scholz spricht über die Lage in der Ukraine und Deutschland.",False,19052022,Bild
Iris Klein ist nach Corona-Erkrankung zurück in der Sala,„Kampf der Realitystars“,2022-05-19 14:35:46,Leute,/unterhaltung/leute/leute/kampf-der-realitystars-iris-klein-ist-nach-corona-erkrankung-zurueck-in-der-sala-79605722.bild.html,"
                                Iris Klein ist die Mutter der Katze und von Dschungelkönigin Jenny.",False,19052022,Bild
"Opfer spricht in BILD: „Ich dachte, ich bin tot!“",Ecstasy im Champagner,2022-05-19 12:30:52,News Inland,/news/inland/news-inland/ecstasy-statt-schampus-opfer-spricht-ueber-die-todes-nacht-von-weiden-80135768.bild.html,"
                                Ausgelassen hatten die Freunde Mitte Februar 2022 den TV-Auftritt ihres Kumpels in der…",False,19052022,Bild
Rätsel um Trapps Trinkflasche,Eintrachts Elfer-Geheimnisse,2022-05-19,,"https://www.bild.de/video/clip/bild-tv/eintrachts-elfer-geheimnisse-raetsel-um-trapps-trinkflasche-reif-ist-live-80135980,auto=true.bild.html","
                                Kevin Trapp ist Frankfurts Elfer-Held. Ist Ihnen etwas an seiner Trinkflasche aufgefallen?",False,19052022,Bild
Heute sagt ein Hollywoodstar aus,HIER LIVE den Depp-Prozess schauen!,2022-05-19 21:03:47,Leute,/unterhaltung/leute/leute/depp-prozess-hier-live-schauen-heute-sagt-ein-hollywoodstar-aus-80140744.bild.html,"
                                Tag 18 im wohl skandalösesten Promi-Gerichtsprozess seit Jahren.",False,19052022,Bild
Unwetter tobt über NRW,"Gewitter, Starkregen, Sturmböen",2022-05-19,Ruhrgebiet,"https://www.bild.de/video/clip/video/gewitter-starkregen-sturmboeen-unwetter-tobt-ueber-nrw-80144818,auto=true.bild.html","
                                Der Deutsche Wetterdienst hatte für den Donnerstagnachmittag für das westliche Nordrhein-Westfalen eine amtliche Unwetterwarnung rausgegeben.",False,19052022,Bild
Saar-Landtag verjüngt sich um acht Jahre,Durchschnittsalter 46,2022-05-19 17:28:00,Saarland,/regional/saarland/saarland-news/durchschnittsalter-46-saar-landtag-verjuengt-sich-um-acht-jahre-80143286.bild.html,"
                                Die jüngste Wahl senkte den Alters-Schnitt im Saar-Landtag. Männer dominieren weiter...",False,19052022,Bild
Ambers geheimes  Liebes-Tagebuch,Sie schrieb an Johnny,2022-05-19 16:23:37,Leute,/bild-plus/unterhaltung/leute/leute/amber-heard-schrieb-an-johnny-depp-ihr-geheimes-liebes-tagebuch-80137430.bild.html,"
                                In ihrem Paar-Tagebuch wollten Amber Heard und Johnny Depp jeden Moment festhalten. ",True,19052022,Bild
Verjüngungskur ohne Experimente,BMW-3er-Facelift,2022-05-19 14:32:27,Auto-News,/auto/auto-news/auto-news/bmw-3er-facelift-verjuengungskur-ohne-experimente-80127268.bild.html,"
                                Geglätteter Look, modernes Cockpit, Handschalterweg, mehr Serienausstattung: der neue 3er",False,19052022,Bild
Schüsse an Schule  in Bremerhaven,Amok-Alarm,2022-05-19,News Inland,"https://www.bild.de/video/clip/video/amok-alarm-schuesse-an-schule-in-bremerhaven-nonstopnews-80139134,auto=true.bild.html","
                                Am Lloyd-Gymnasium sind am Donnerstagmorgen Schüsse gefallen. Das meldet die zuständige Polizei. Eine Person wurde dabei schwer verletzt und in ein Krankenhaus gebracht. Es soll sich NICHT um einen Schüler handeln. ",False,19052022,Bild
Schicken Sie uns Ihren Deutsche-Bahn-Ärger!,Immer mehr Chaos,2022-05-19 10:17:21,,/sparfochs/2022/sparfochs/deutschen-bahn-aerger-und-chaos-erzaehlen-sie-bild-ihre-geschichte-80126278.bild.html,"
                                Verspätungen, Zugausfälle und oft haarsträubende Kommunikation gibt es jeden Tag bei der DB.",False,19052022,Bild
32-Jähriger schwängert  Mädchen(13),Staatsanwalt klagt an,2022-05-19 20:48:55,Dresden,/regional/dresden/dresden-aktuell/dresden-32-jaehriger-schwaengert-maedchen-13-80145564.bild.html,"
                                Missbrauchs-Prozess am Dresdner Landgericht. Arman A. (32) soll Kind geschwängert haben.",False,19052022,Bild
Sie lebten friedlich mit den Russen – nun muss die Nato her,BILD in Finnland,2022-05-19 19:14:13,Politik Ausland,/politik/ausland/politik-ausland/report-von-der-finnisch-russischen-grenze-nun-muss-die-nato-her-80141128.bild.html,"
                                BILD unterwegs an der finnisch-russischen Grenze: Was die Menschen fürchten, was sie hoffen.",False,19052022,Bild
Handy am Steuer wird (schneller) teuer!,Kamera gegen Sünder,2022-05-19 17:20:44,Frankfurt,/regional/frankfurt/frankfurt-aktuell/kamera-ueberfuehrt-suender-handy-am-steuer-wird-schneller-teuer-80143196.bild.html,"
                                Vorsicht Kamera! Ein neues System soll in RLP Handy-Sünder am Steuer überführen ...",False,19052022,Bild
Bayer hat Hlozek  auf der Liste,Super-Talent aus Prag,2022-05-19 16:20:50,Bundesliga,/sport/fussball/fussball/bayer-leverkusen-super-talent-aus-prag-bayer-hat-adam-hlozek-auf-der-liste-80142532.bild.html,"
                                Das tschechische Talent Adam Hlozek von Sparta Prag ist ein Kandidat für Bayer Leverkusen.",False,19052022,Bild
Ende des Jahres knallt es wieder,Meghan und Harry,2022-05-19 14:31:51,Leute,/unterhaltung/leute/leute/harry-und-meghan-netflix-dreht-jetzt-auch-bei-ihnen-zu-hause-80139012.bild.html,"
                                Netflix dreht jetzt auch in Harrys Villa in den USA. Die Queen dürfte not amused sein.",False,19052022,Bild
Musste Yeliz alles  für Jimi Blue bezahlen?,„Kampf der Realitystars“,2022-05-19 12:24:38,TV,/unterhaltung/tv/tv/kampf-der-realitystars-musste-yeliz-koc-alles-fuer-jimi-blue-bezahlen-80131972.bild.html,"
                                Die Ereignisse überschlugen sich bei „Kampf der Realitystars“. Für Spannung sorgte Yeliz.",False,19052022,Bild
Insider rechnet mit 2-3 neuen Stars,Eintracht im Kohle-Rausch,2022-05-19,,"/video/clip/bild-tv/eintracht-im-kohle-rausch-insider-rechnet-mit-2-3-neuen-stars-reif-ist-live-80136078,auto=true.bild.html","
                                Dieser Sieg spült Frankfurt Millionen in die Kasse. Was damit passieren soll.",False,19052022,Bild
Das ist Googles neues Hauptquartier!,Kosten: 1 Mrd. Euro,2022-05-19,Digital,"https://www.bild.de/video/clip/video/kosten-1-mrd-euro-das-ist-googles-neues-hauptquartier-80145432,auto=true.bild.html","
                                Drei Gebäude mit gewölbten Profilen und über 100.000 m² Fläche nimmt das neue Hauptquartier des Internet-Riesen Google ein.",False,19052022,Bild
Schröder verliert Teil seiner Sonderrechte,Bundestag beschließt,2022-05-19 19:10:31,Politik,/politik/2022/politik/altkanzler-schroeder-verliert-teil-seiner-sonderrechte-wegen-russland-kontakte-80140638.bild.html,"
                                Altbundeskanzler Gerhard Schröder muss auf einen Teil seiner Privilegien verzichten.",False,19052022,Bild
Knochenbruch nach Tribünensturz,OP bei Eintracht-Ultra ,2022-05-19 17:19:59,Fussball,/sport/fussball/europa-league/eintracht-frankfurt-fan-faellt-beim-jubeln-von-tribuene-wie-es-ihm-jetzt-geht-80136840.bild.html,"
                                Schock-Moment während des Endspiels! Ein Frankfurt-Anhänger fällt und verletzt sich.",False,19052022,Bild
Land muss weitere Lohn-Entschädigungen zahlen,Nach Corona-Quarantäne,2022-05-19 16:19:22,Ruhrgebiet,/regional/ruhrgebiet/ruhrgebiet-aktuell/fleisch-industrie-land-muss-weitere-lohn-entschaedigungen-zahlen-80141080.bild.html,"
                                2020 ging wegen Corona lange nichts mehr bei den Fleischriesen. Unternehmen klagten.",False,19052022,Bild
Was heißt für SIE Heimat?,Faeser will erweiterte Bedeutung,2022-05-19 14:31:20,News Inland,/news/inland/news-inland/nancy-faeser-will-bedeutung-des-wortes-ausweiten-bild-fragt-menschen-in-deutschl-80133322.bild.html,"
                                Was ist Heimat? Wenn es nach Nancy Faeser geht, müssen wir wohl alle umlernen. ",False,19052022,Bild
Bankangestellte retten das Vermögen einer Seniorin,Trickbetrug,2022-05-19 12:24:53,München,/regional/muenchen/muenchen-aktuell/fuerstenfeldbruck-bankangestellte-retten-seniorin-vor-trickbetrug-80139208.bild.html,"
                                Fürstenfeldbruck – Bankangestellte haben das Vermögen einer Seniorin gerettet.",False,19052022,Bild
Jetzt drohen Tornado-Stürme,Superzellen-Alarm,2022-05-19,News Inland,"/video/clip/news-inland/superzellen-alarm-jetzt-drohen-tornado-stuerme-80136464,auto=true.bild.html","
                                Wetterexperte Dominik Jung warnt vor schweren Gewittern zum Wochenende, die sich sogar zu einer Superzelle zusammenschließen könnten.",False,19052022,Bild
Blitz-Prozess gegen  Schnarch-Einbrecher,Bei Coup eingeschlafen,2022-05-19 20:44:29,Hannover,/regional/hannover/hannover-aktuell/polizeihund-fand-schlafenden-blitz-prozess-gegen-schnarch-einbrecher-80139314.bild.html,"
                                Ausgeschlafen ist er nicht: Einbrecher Tobias H. (34) wurde vom Polizeihund entdeckt. ",False,19052022,Bild
„Als Neunjähriger ging ich in den Menschenmassen unter“,BILD-Reporter erinnert sich,2022-05-19 19:10:28,Bundesliga,/sport/fussball/fussball/bild-reporter-erinnert-an-vfb-titel-bin-in-menschenmasse-untergegangen-80144792.bild.html,"
                                Heute vor 15 Jahren wurde der VfB deutscher Meister. BILD-Reporter Felix Arnold erinnert. ",False,19052022,Bild
Prügelei vor Lina-Prozess,Mann (60) attackiert,2022-05-19 17:18:17,Dresden,/regional/dresden/dresden-aktuell/prozess-um-lina-e-mann-60-und-polizei-vor-gerichtsgebaeude-attackiert-80143550.bild.html,"
                                Am Rande des Prozesses um mutmaßliche Linksextremisten kam es am Donnerstag in Dresden zu einer handfesten Auseinandersetzung.",False,19052022,Bild
"Hilfe, mein Impfzertifikat läuft ab",Und was jetzt?,2022-05-19 16:17:23,Digital,/digital/2022/digital/corona-app-impfzertifikat-laeuft-ab-was-tun-80126444.bild.html,"
                                Viele Geimpfte sehen aktuell eine Warnung, dass ihr Impf-Zertifikat bald abläuft.",False,19052022,Bild
Mit diesen Tipps kommen Sie sicher ans Ziel,Autofahren bei Unwetter,2022-05-19 14:30:11,Auto-News,/auto/auto-news/auto-news/autofahren-bei-unwetter-mit-diesen-tipps-kommen-sie-sicher-ans-ziel-80139342.bild.html,"
                                Bin ich Auto vor Gewitter sicher? Wie verhalte ich mich bei Aquaplaning? BILD hilft weiter.",False,19052022,Bild
Ex-Minister Spaenle in Unfall verwickelt ,Bei Mühldorf,2022-05-19 12:24:21,München,/bild-plus/regional/muenchen/muenchen-aktuell/unfall-bei-muehldorf-ex-minister-ludwig-spaenle-von-sonne-geblendet-80138468.bild.html,"
                                Staatsminister a. D. Dr. Ludwig Spaenle (60, CSU) in Verkehrsunfall verwickelt! ",True,19052022,Bild
Stradivari-Nachbau im Zug nach München vergessen,Polizei sucht Besitzer,2022-05-19 10:11:28,München,/regional/muenchen/muenchen-aktuell/besitzer-gesucht-stradivari-nachbau-im-zug-nach-muenchen-vergessen-80136834.bild.html,"
                                Wertvolle Geige im Zug vergessen. Bundespolizei München sucht Besitzer. ",False,19052022,Bild
„Früher habe ich Leni  am Set gestillt“,Heidi Klum mit Tochter im TV,2022-05-19 20:44:23,Leute,/bild-plus/unterhaltung/leute/leute/heidi-klums-tv-premiere-mit-ihrer-model-tochter-frueher-habe-ich-leni-am-set-ges-80132770.bild.html,"
                                Kinder, wie die Zeit vergeht! Bei GNTM sitzt Leni neben ihrer Mutter. In BILD reden sie gemeinsam.",True,19052022,Bild
Das Sex-Toy summte noch im Krankenhaus weiter,TikTok: Vibrator-Unfall ,2022-05-19 19:09:09,Leute,/unterhaltung/leute/leute/tiktok-star-hat-sex-unfall-der-vibrator-summte-noch-im-krankenhaus-weiter-80137320.bild.html,"
                                Eine TikTokerin erzählt von ihrem Vibrator-Unfall. Den bekam sie nicht mehr aus dem Hintern",False,19052022,Bild
BILD sagt fünfmal DANKE!,Kommentar zu Frankfurt,2022-05-19 17:17:46,Bundesliga,/sport/fussball/fussball/eintracht-frankfurt-kommentar-zum-triumph-bild-sagt-fuenfmal-danke-80143616.bild.html,"
                                BILD bedankt sich nach dem Europa-League-Sieg bei Eintracht Frankfurt! ",False,19052022,Bild
Wird Toprak Back-up-Boss?,Entscheidung naht,2022-05-19 16:17:05,Bundesliga,/sport/fussball/fussball/werder-bremen-entscheidung-naht-wird-oemer-toprak-back-up-boss-80141390.bild.html,"
                                Auf Ömer Toprak könnte bei einer Werder-Unterschrift eine neue Rolle zukommen.",False,19052022,Bild
Messerstecher stellt sich der Polizei,Mann in Köln getötet,2022-05-19 14:28:22,Köln,/regional/koeln/koeln-aktuell/blutiger-streit-in-koeln-ostheim-mann-niedergestochen-tot-80133688.bild.html,"
                                Am Tag nach den tödlichen Messerstichen in Köln-Ostheim, stellte sich ein Mann (18).",False,19052022,Bild
Alle Infos zur 3. Staffel „Kampf der Realitystars“,"Regeln, Kandidaten & Co. ",2022-05-19 12:22:58,TV,/unterhaltung/tv/tv/kampf-der-realitystars-alle-infos-zur-dritten-staffel--kandidaten-regeln-highlights-79693132.bild.html,"
                                „Kampf der Realitystars“ geht in die dritte Runde. Die Kandidaten, Regeln und Highlights!",False,19052022,Bild
2 Trapp-Paraden für die Ewigkeit,Im und vorm Elferschießen,2022-05-19 10:08:52,Fussball,/sport/fussball/europa-league/frankfurt-gewinnt-europa-league-zwei-trapp-paraden-fuer-die-ewigkeit-80134940.bild.html,"
                                Kevin Trapp macht Eintracht Frankfurt zum Sensations-Europa-League-Sieger von Sevilla.",False,19052022,Bild
Kommandeur Palamar meldet sich bei BILD,„Ich bleibe im Asowstal!“,2022-05-19,Politik Ausland,"/video/clip/video/ich-bleibe-im-asowstal-kommandeur-palamar-meldet-sich-bei-bild-80145778,auto=true.bild.html","
                                Das russische Militär behauptet zudem: Auch die Kommandeure des Asow-Regiments haben sich ergeben.",False,19052022,Bild
Kommt auch Ballas zurück zum FCS?,Nach Abstieg mit Aue!,2022-05-19 19:04:28,Fussball,/sport/fussball/fussball/1-fc-saarbruecken-kommt-auch-ballas-nach-aue-abstieg-zurueck-80142134.bild.html,"
                                FCS-Sportdirektor Jürgen Luginger plant die neue Saison. Ein Spieler könnte zurückkommen.",False,19052022,Bild
Wird Tuchel zum Transfer-Problem für Bayern?,Wegen zwei Stars,2022-05-19 17:17:06,Bundesliga,/sport/fussball/fussball/fc-bayern-wird-thomas-tuchel-zum-transfer-problem-bei-zwei-superstars-80143698.bild.html,"
                                Immer wieder Chelsea, immer wieder Thomas Tuchel: Bayerns Transfer-Poker um zwei Stars!",False,19052022,Bild
Bundesliga-Star vor BVB-Wechsel!,Er ist schon beim Medizincheck,2022-05-19 16:14:59,Bundesliga,/bild-plus/sport/fussball/fussball/bvb-er-ist-schon-beim-medizincheck-bundesliga-star-vor-dortmund-wechsel-80141402.bild.html,"
                                Ein Bundesliga-Star steht vorm Wechsel zum BVB. Die Ablöse liegt bei rund zehn Mio. Euro.",True,19052022,Bild
Ost-Aufstand gegen Öl-Embargo,Pläne von Habeck,2022-05-19 14:25:19,Politik Inland,/politik/inland/politik-inland/wegen-oel-embargo-ramelow-und-kretschmer-buendnis-gegen-habeck-80139056.bild.html,"
                                Ost-Aufstand gegen die Öl-Embargo-Pläne von Bundeswirtschaftsminister Robert Habeck!",False,19052022,Bild
"Trapp, Trapp, HURRA!",Frankfurt holt den Pott,2022-05-19 12:18:24,Fussball,/sport/fussball/europa-league/europa-league-eintracht-frankfurt-gewinnt-finale-nach-6-5-i-e-gegen-glasgow-80134856.bild.html,"
                                Eintracht Frankfurt gewinnt die Europa League: 6:5 n.E. gegen die Glasgow Rangers.",False,19052022,Bild
Pflege-Impfpflicht ist rechtens!,Bundesverfassungsgericht,2022-05-19 10:06:43,Politik,/politik/2022/politik/corona-pflege-impfpflicht-ist-verfassungswidrig-80135530.bild.html,"
                                Die Corona-Impfpflicht in der Pflege hat eine Welle an Verfassungsbeschwerden ausgelöst. ",False,19052022,Bild
Das Baby ist da!,A$AP Rocky und Rihanna,2022-05-19 20:40:32,Leute,/unterhaltung/leute/leute/rihanna-und-a-ap-rocky-das-baby-ist-da-80145418.bild.html,"
                                Rihanna und A$AP Rocky sind Eltern geworden! Es ist ein Junge.",False,19052022,Bild
Lotka-Entscheidung gefallen!,Hertha gegen HSV,2022-05-19 19:02:18,Bundesliga,/sport/fussball/fussball/hertha-bsc-das-muessen-fans-vor-der-relegation-gegen-den-hsv-wissen-80138874.bild.html,"
                                Relegations-Krimi zwischen Hertha und dem HSV. BILD klärt die letzten offenen Fragen.",False,19052022,Bild
"Fancy вместо Fanta, дядя Ваня вместо McDonald's",Борьба России с санкциями,2022-05-19 17:16:06,Politik Ausland,/politik/ausland/politik-ausland/russland-kaempt-gegen-sanktionen-onkel-wanja-statt-mcdonalds-fancy-statt-fanta-80142424.bild.html,"
                                России приходится искать альтернативу западным брендам. Затронуты: безалкогольные напитки, фастфуд, автомобили, фильмы.",False,19052022,Bild
Werner verpennt Eintracht-Triumph,Nach Aufstiegsrausch,2022-05-19 16:13:00,Bundesliga,/sport/fussball/fussball/werder-bremen-nach-aufstiegsrausch-ole-werner-verpennt-eintracht-triumph-80139268.bild.html,"
                                Fußball Deutschland fieberte am Mittwoch mit Frankfurt. Ole Werner verpasste das Spiel.",False,19052022,Bild
Das wird schütze!,1. Party seit 3 Jahren,2022-05-19 14:19:53,Hannover,/regional/hannover/hannover-aktuell/1-bruchmeisterin-aller-zeiten-das-wird-schuetze-80125676.bild.html,"
                                Das 493. Schützenfest bietet viel Neues – und zum ersten Mal eine Bruchmeisterin! ",False,19052022,Bild
Sophia Thiel spricht über Essattacken,Rückfall nach Tod von Freundin?,2022-05-19,Leute,"https://www.bild.de/video/clip/video/das-hat-mich-rauskatapultiert-sophia-thiel-erklaert-ihre-insta-pause-80132626,auto=true.bild.html","
                                Fitness-Influencerin Sophia Thiel meldet sich mit einem Fitness- und Mental-Update aus ihrem Alltag in den sozialen Medien. In dem Video nimmt sie ihre Fans mit auf die Reise in einen relaxteren und gesünderen Lifestyle!",False,19052022,Bild
Lösen diese Kapseln alle Tankprobleme?,Wasserstoff-SUV,2022-05-19 10:05:29,Auto,/bild-plus/auto/mobilitaet-reisen-motorrad/mobilitaet-und-mehr/revolutionaeres-wasserstoff-suv-loesen-diese-kapseln-alle-tankprobleme-80126600.bild.html,"
                                Mit austauschbaren Patronen soll neuer Wind in die Wasserstofftechnologie kommen.",True,19052022,Bild
Schlobachshof wird saniert,Historischer Reiterhof in Leipzig,2022-05-19 20:40:41,Leipzig,/regional/leipzig/leipzig-news/historischer-reiterhof-in-leipzig-schlobachshof-wird-saniert-80145304.bild.html,"
                                Im Rat beschlossen wurde am Donnerstag, dass Schlobachshof zum „Informationszentrum Auenlandschaft“ wird.",False,19052022,Bild
"Willig: „Der Titel ist für  uns ein Traum""",U19 vor Pokalfinale,2022-05-19 19:01:30,Bundesliga,/sport/fussball/fussball/vfb-stuttgart-willig-vor-u19-finale-der-titel-ist-fuer-uns-ein-traum-80144618.bild.html,"
                                Vor dem Pokalfinale gegen den BVB hat BILD exklusiv mit U19-Trainer Willig gesprochen. ",False,19052022,Bild
So schaut Werder nach Sommer-Transfers,Werner erklärt,2022-05-19 17:15:48,Bundesliga,/sport/fussball/fussball/werder-bremen-trainer-ole-werner-erklaert-so-laeuft-die-suche-nach-sommer-transf-80142860.bild.html,"
                                Bundesliga geschafft! Jetzt muss Werder nur noch einen schlagkräftigen Kader formen. ",False,19052022,Bild
Achtung vor dieser Sturmblase!,Gewitter! Hagel! Tornado-Alarm!,2022-05-19 16:11:06,News,/news/wetter/wetter/unwetter-alarm-im-westen-starkregen-sturmboeen-und-hagel-ab-mittag-wird-es-hefti-80135684.bild.html,"
                                Es ist angerichtet: Sturmtief Dorchen steht im Westen bereit. Meteorologen erwarten die...",False,19052022,Bild
Pokalfinale als Risikospiel eingestuft,Chemnitz gegen Chemie,2022-05-19 14:18:28,Fussball,/sport/fussball/fussball/pokalfinale-als-risikospiel-eingestuft-chemnitz-wird-zur-festung-80140510.bild.html,"
                                Die Polizei bereitet sich auf Großeinsatz rund um das Sachsenpokal-Finale vor.",False,19052022,Bild
E-Auto vom Discounter zum Knüllerpreis,Der Lidl-Leaf,2022-05-19 12:12:02,Auto-News,/bild-plus/auto/auto-news/auto-news/der-lidl-leaf-e-auto-vom-discounter-zum-knuellerpreis-80138190.bild.html,"
                                Noch bis zum 26. Juni gibt es den elektrischen Nissan Leaf bei Lidl zum Spar-Abopreis. ",True,19052022,Bild
Lokführer stirbt bei Zug-Unfall,Hessen,2022-05-19 10:03:38,Frankfurt,/regional/frankfurt/frankfurt-aktuell/zwei-gueterzuege-ineinander-geknallt-lokfuehrer-stirbt-bei-zug-unfall-80135926.bild.html,"
                                Bei einem Unfall mit zwei Güterzügen in Südhessen ist ein Lokführer gestorben.",False,19052022,Bild
Überweisungen belasten Ex-Hells-Angels-Boss,Rocker Murat S.,2022-05-19 20:38:49,München,/bild-plus/regional/muenchen/muenchen-aktuell/murat-s-falscher-polizist-ueberweisungen-belasten-ex-hells-angels-boss-80142018.bild.html,"
                                Überweisungen belasten Ex-Hells-Angels-Präsident Murat S., ein falscher Polizist zu sein.",True,19052022,Bild
Scheitert Scholz an seinem großen Versprechen?,100 Milliarden für die Bundeswehr,2022-05-19 18:58:38,Politik Inland,/politik/inland/politik-inland/bundeswehr-geld-union-sauer-auf-bundeskanzler-scholz-80144328.bild.html,"
                                Es geht um rund 2,5 der 100 Milliarden Euro und die zwei Prozent Nato-Quote. ",False,19052022,Bild
Frau (24) in eigener Wohnung vergewaltigt,Messer-Überfall,2022-05-19 17:15:13,Dresden,/regional/dresden/dresden-aktuell/dresden-frau-24-in-eigener-wohnung-vergewaltigt-80142138.bild.html,"
                                Eine junge Frau (24) ist am Mittwochabend in ihrer Wohnung vergewaltigt worden.",False,19052022,Bild
Vibrator bleibt im  Hintern stecken,Er summte immer weiter!,2022-05-19,News Ausland,"https://www.bild.de/video/clip/video/er-summte-immer-weiter-vibrator-bleibt-im-hintern-stecken-80141566,auto=true.bild.html","
                                Sextoy-Alarm bei Influencerin. Das, was Im Hinterteil von TikTokerin Sophie stecken geblieben ist,macht nun gar keine Freude mehr. Unermüdlich vibriert der kleine Freund, der eigentlich der 27 Jahre alten Mutter aus Essex in England nur kurz etwas Entspannung bringen sollte.",False,19052022,Bild
Super Laune nach  Sex-Aussage von Trapp,Lacher auf Frankfurt-PK,2022-05-19,Bundesliga,"https://www.bild.de/video/clip/video/eintracht-frankfurt-europa-league-kevin-trapp-mit-sex-aussage-80140532,auto=true.bild.html","
                                Ist Sex besser als der Europa-League-Pokal? Frankfurt-Keeper Kevin Trapp schwankt noch...",False,19052022,Bild
Cousin sticht  Cousin tot,Einen Tag vor seinem Geburtstag!,2022-05-19,,"https://www.bild.de/video/clip/video/einen-tag-vor-seinem-geburtstag-cousin-sticht-cousin-tot-80139004,auto=true.bild.html","
                                Bei einem Picknick in Köln eskalierte am Mittwochabend ein Streit. Ein junger Mann (22) wurde erstochen – offenbar von seinem eigenen Cousin! Der Täter flüchtete.",False,19052022,Bild
„Einen Diktatfrieden wird es nicht geben“,Scholz-Ansage an Putin,2022-05-19,Politik Inland,"https://www.bild.de/video/clip/politik-inland/scholz-ansage-an-putin-einen-diktatfrieden-wird-es-nicht-geben-80136728,auto=true.bild.html","
                                In einer Rede im Bundestag fand Bundeskanzler Olaf Scholz (SPD) deutliche Worte zu Russlands Angriffskrieg auf die Ukraine.",False,19052022,Bild
„Die Corona-Beschränkungen sind ein Verbrechen“,Nena Schink,2022-05-19,,"https://www.bild.de/video/clip/bild-tv/nena-schink-die-corona-beschraenkungen-sind-ein-verbrechen-80144592,auto=true.bild.html","
                                Stellen Sie sich vor Sie liegen im Krankenhaus, sind krank und müssen sich entscheiden welche Person sie für eine Stunde besuchen darf. Sie entscheiden sich für ihr Kind? Das ist in vielen Krankenhäusern nicht erlaubt.",False,19052022,Bild
So wehren Sie sich gegen Ihren Bauträger!,Welche Rechte Kunden haben,2022-05-19 18:56:22,Ratgeber,/bild-plus/ratgeber/2022/ratgeber/bau-verzug-wenn-der-bautraeger-nicht-weiterbaut-koennen-sie-sich-so-wehren-80133156.bild.html,"
                                Haar (Bayern)– Sie haben eine Million Euro für ihr neues Heim bezahlt – und stehen vor ...",True,19052022,Bild
Putins Kamikaze-Drohne verfehlt US-Artillerie,BILD-Lagezentrum,2022-05-19 17:08:35,Politik Ausland,/bild-plus/politik/ausland/politik-ausland/bild-lagezentrum-putins-kamikaze-drohne-verfehlt-us-artillerie-80141624.bild.html,"
                                Jetzt machen Putins Killerdrohnen Jagd auf westliche Waffenlieferungen! ",True,19052022,Bild
Nach Klassenerhalt! VfB verlängert mit Karazor,Auch Mavropanos bleibt,2022-05-19 16:04:31,Bundesliga,/sport/fussball/fussball/auch-mavropanos-bleibt-nach-klassenerhalt-vfb-verlaengert-mit-karazor-80141844.bild.html,"
                                Nach dem Klassenerhalt verlängert der VfB mit den Leistungsträgern Karazor und Mavropanos.",False,19052022,Bild
Gasförmige Substanz im Briefumschlag,Kanzlei Fürth,2022-05-19 14:15:58,Nürnberg,/regional/nuernberg/nuernberg-news/kanzlei-fuerth-gasfoermige-substanz-im-briefumschlag-80140604.bild.html,"
                                Brief mit verdächtiger Substanz hat einen Polizei-Großeinsatz in einer Fürther Kanzlei ausgelöst.",False,19052022,Bild
„In meiner Brust schlagen zwei Herzen“,Trainer-Kumpel Ulrich,2022-05-19 12:05:27,2. Bundesliga,/sport/fussball/fussball/hsv-trainer-kumpel-rainer-ulrich-spricht-ueber-felix-magath-und-tim-walter-80130386.bild.html,"
                                Selten war eine ehemalige Kuchenrunde so aktuell wie heute! Magath, Walter und Ulrich.",False,19052022,Bild
Schalke hat plötzlich ein Büskens-Problem,War das ein Eigentor?,2022-05-19 09:55:05,Bundesliga,/bild-plus/sport/fussball/fussball/war-das-ein-eigentor-schalke-hat-ploetzlich-eins-bueskens-problem-80135642.bild.html,"
                                Mike Büskens (54) ist ein Segen für Schalke, aber auch ein bisschen Fluch...",True,19052022,Bild
Hier kommt der Pokal an,Eintracht-Nacht,2022-05-19 20:30:38,Frankfurt,/regional/frankfurt/frankfurt-aktuell/frankfurts-eintracht-nacht-hier-kommt-der-pokal-an-80144764.bild.html,"
                                 Mainhattan, ja ganz Rhein-Main gestern im Zeichen unserer Eintracht-Helden...",False,19052022,Bild
Hradeckys Angst verflog  über den Pyramiden,Bayer hebt in Mexiko ab,2022-05-19 18:42:44,Bundesliga,/sport/fussball/fussball/bayer-leverkusen-abheben-in-mexiko-hradeckys-angst-verflog-ueber-den-pyramiden-80143136.bild.html,"
                                Eine Ballanfahrt wurde für einige Spieler von Bayer Leverkusen in Mexiko zum Erlebnis.",False,19052022,Bild
"Lenz, der  Berliner Pott-Held",Erster Ex-Unioner mit Europacup-Titel,2022-05-19 17:06:08,Bundesliga,/sport/fussball/fussball/union-berlin-christopher-lenz-frankfurts-berliner-pott-held-80143368.bild.html,"
                                Was für ein Triumph! Und ein kleines bisschen gewann auch Union den Europa-League-Pokal der Frankfurter mit. ",False,19052022,Bild
SO haben Sie die  Sonne noch nie gesehen,Spektakuläre Aufnahmen,2022-05-19,News Ausland,"https://www.bild.de/video/clip/video/spektakulaere-aufnahmen-so-haben-sie-die-sonne-noch-nie-gesehen-80141322,auto=true.bild.html","
                                Als Gemeinschaftsprojekt der Esa und der US-Raumfahrtbehörde Nasa ist die Weltraumsonde „Solar Orbiter” im Februar 2020 zur Sonne gestartet. Im März 2022 ist sie nun knapp  48 Millionen Kilometer entfernt und sendet spektakuläre Bilder zur Erde.",False,19052022,Bild
Ihr erster Box-Kampf - und dann SO ein Outfit,Kleiderordnung nicht bekannt?,2022-05-19 14:12:26,Boxen,/sport/mehr-sport/boxen/arabella-del-busso-erster-box-kampf-im-string-outfit-80138054.bild.html,"
                                Arabella Del Busso hatte ihren ersten Box-Kampf - und trug einen schwarzen G-String-Tanga.",False,19052022,Bild
Arbeit getan –  Traktor fackelt ab,Feuerschock auf Heimweg,2022-05-19 12:02:55,Hamburg,/regional/hamburg/hamburg-aktuell/feuerschock-auf-dem-heimweg-arbeit-getan-traktor-fackelt-ab-80136898.bild.html,"
                                Die Arbeit auf der Wiese war gerade beendet, der Feierabend winkte, da fing der Traktor Feuer.",False,19052022,Bild
Alarm! HSV gegen Hertha wird Hochsicherheits-Spiel,Relegation in Hamburg,2022-05-19 09:51:22,2. Bundesliga,/sport/fussball/fussball/hsv-alarm-hochsicherheits-spiel-gegen-hertha-in-hamburg-80132176.bild.html,"
                                Für das Relegations-Rückspiel HSV und Hertha am Montag sind schon 50 000 Tickets weg ",False,19052022,Bild
Frauenkirche schimmelt!,Alkohol soll’s lösen,2022-05-19 20:30:45,Dresden,/regional/dresden/dresden-aktuell/dresden-alkohol-solls-loesen-frauenkirche-schimmelt-80145686.bild.html,"
                                Unter der Kuppel der Frauenkirche beginnt es zu schimmeln.",False,19052022,Bild
Entschieden! Mislintat und Matarazzo bleiben,Nach Großer Saison-Analyse,2022-05-19 18:34:09,Bundesliga,/sport/fussball/fussball/vfb-stuttgart-analyse-entscheidet-mislintat-und-matarazzo-bleiben-80144396.bild.html,"
                                Nach der Rettung gab es beim VfB die große Saison-Analyse. Jetzt steht das Ergebnis fest. ",False,19052022,Bild
So erlebte ich den Europa-Traum,Eintracht-Fan Marian,2022-05-19 17:04:47,Fussball,/sport/fussball/fussball/eintracht-frankfurt-so-erlebte-fan-marian-hoefer-den-triumph-in-sevilla-80141810.bild.html,"
                                40 000 Fans jubelten in Sevilla mit ihrer Eintracht. Einer von ihnen: Marian Höfer.",False,19052022,Bild
Jena legt Kult-Trikot  wieder auf,Aktion fürs Finale,2022-05-19 16:00:29,Fussball,/sport/fussball/fussball/fc-carl-zeiss-jena-fuers-pokalfinale-jena-legt-kult-trikot-wieder-auf-80141280.bild.html,"
                                Vor kurzem gab's eine MDR-Doku über Jenas EC-Helden. Ein Detail fiel dabei besonders auf.",False,19052022,Bild
Dieser BMW macht Angst,Neuer Auto-Podcast,2022-05-19 14:10:35,Auto-News,/auto/auto-news/auto-news/neuer-auto-podcast-dieser-bmw-macht-angst-80124906.bild.html,"
                                Vom BMW M5 E60 träumen viele, aber gleichzeitig möchte ihn kaum einer besitzen. Stimmt’s?",False,19052022,Bild
„Ich trank jeden Abend eine Flasche Wein“,Supermodel Bündchen,2022-05-19 12:01:18,Leute,/unterhaltung/leute/leute/supermodel-gisele-buendchen-ich-trank-jeden-abend-eine-flasche-wein-80136672.bild.html,"
                                Auch im Leben von Supermodel Gisele Bündchen (41) lief nicht immer alles perfekt.",False,19052022,Bild
Ukrainer zeigen  gewaltige Brücken-Explosion,Sprengung soll Putin stoppen,2022-05-19,Politik Ausland,"/video/clip/video/sprengung-soll-putin-stoppen-ukrainer-zeigen-gewaltige-bruecken-explosion-reuters-80136346,auto=true.bild.html","
                                Die Nationalgarde der Ukraine hat jetzt ein Video veröffentlicht, in dem sie die Sprengung einer Brücke in der Gegend um Luhansk im Osten des Landes dokumentiert.",False,19052022,Bild
Neuer Innenminister stoppt fragwürdige Wöller-Personalien,Armin Schuster,2022-05-19 20:25:18,Dresden,/regional/dresden/dresden-aktuell/sachsen-neuer-innenminister-schuster-stoppt-fragwuerdige-woeller-personalien-80145672.bild.html,"
                                Dresden – Sachsens neuer Innenminister Armin Schuster (61, CDU) greift durch und stoppt die umstrittene Stellenvergabe an der Hochsc...",False,19052022,Bild
Bei Towers-Aus droht Hollatz-Abschied,Play-offs gegen Bonn,2022-05-19 18:34:53,Basketball,/sport/mehr-sport/basketball/bbl-play-offs-abschiedsspiel-fuer-justus-hollatz-bei-den-towers-80144278.bild.html,"
                                Für die Hamburg Towers gilt im Viertelfinale gegen Bonn ab sofort: Verlieren verboten! ",False,19052022,Bild
Das müssen NRW-Bürger nach dem Abwasser-Urteil wissen,Jahrelang zu viel gezahlt,2022-05-19 16:57:19,Ruhrgebiet,/bild-plus/regional/ruhrgebiet/ruhrgebiet-aktuell/urteil-zu-abwassergebuehren-das-muessen-nrw-buerger-jetzt-wissen-80142476.bild.html,"
                                Die Abwassergebühren in NRW waren jahrelang zu hoch – das müssen Verbraucher nun beachten.",True,19052022,Bild
Der Absturz der  Ex-Mainzer,Nach Flucht von St. Juste und Boëtius,2022-05-19 15:55:32,Bundesliga,/sport/fussball/fussball/nach-flucht-von-st-juste-und-botius-der-absturz-der-ex-mainzer-80141596.bild.html,"
                                St. Juste geht nach Lissabon, Boëtius sucht eine neue Herausforderung. Wieder mal muss Mainz Stammspieler ziehen lassen.",False,19052022,Bild
Ariane Sommer verkauft  Therapie mit Party-Droge,Früher Schokobad-Girl,2022-05-19 14:10:13,Leute,/bild-plus/unterhaltung/leute/leute/ariane-sommer-verkauft-jetzt-therapie-mit-party-droge-80131404.bild.html,"
                                Sie ist die Mutter aller It-Girls: Ariane Sommer. Heute bietet sie Ketamin-Behandlungen an",True,19052022,Bild
„Alien-Sauger” außer Kontrolle,Tornado-Schock,2022-05-19,News Ausland,"https://www.bild.de/video/clip/video/tornado-schock-alien-sauger-ausser-kontrolle-80138268,auto=true.bild.html","
                                Dieses Video zeigt unheimliche Bilder über einer Eisenmine in Nordchina.",False,19052022,Bild
Kripo jagt Automaten-Sprenger,Niederlande-Bande,2022-05-19 09:49:05,Frankfurt,/regional/frankfurt/frankfurt-aktuell/oberursel-niederlande-bande-kripo-jagt-automaten-sprenger-80136908.bild.html,"
                                Er soll als Teil einer Bande für mehrere Geldautomaten-Sprengungen verantwortlich sein.",False,19052022,Bild
„Mein Mann ist kein Killer!“,Prozess um Blutbad in Erfurt,2022-05-19 20:20:58,Sachsen-Anhalt,/regional/sachsen-anhalt/sachsen-anhalt-news/prozess-um-blutbad-in-erfurt-mein-mann-ist-kein-killer-80145590.bild.html,"
                                Die Bluttat am 05. Oktober erschütterte die Stadt: Mitten auf dem Anger war am helllichten Tag ein Tunesier (28) niedergestochen worden. ",False,19052022,Bild
Kommt auch ER zu Hansa?,Strauß erster Neuzugang,2022-05-19 18:30:32,Fussball,/bild-plus/sport/fussball/fussball/2-liga-strauss-erster-neuzugang-kommt-auch-er-zu-hansa-80142292.bild.html,"
                                John-Patrick Strauß kommt aus Aue. Und ein Mittelfeldmann aus der 3. Liga ist im Anflug.",True,19052022,Bild
Diese „Sonderausstattung“ ist nicht erlaubt,VW-Fahrer gestoppt,2022-05-19 16:55:56,Ruhrgebiet,/regional/ruhrgebiet/ruhrgebiet-aktuell/vw-fahrer-gestoppt-diese-sonderausstattung-ist-nicht-erlaubt-80142644.bild.html,"
                                Ein Auto mit „Holzausstattung“ auf der Fahrerseite ist in Gütersloh (NRW) gestoppt worden.",False,19052022,Bild
„... aber SEX auch!“,Pikanter Trapp-Spruch,2022-05-19 15:53:17,Bundesliga,/sport/fussball/fussball/eintracht-frankfurt-kevin-trapp-der-pokal-ist-schoen-aber-sex-auch-80137984.bild.html,"
                                Die Aussage seines Präsidenten wollte Euro-Held Kevin Trapp nicht stehen lassen.",False,19052022,Bild
Matthäus wird noch mal Trainer!,Ganz Lippstadt feiert,2022-05-19 14:06:12,Fussball,/sport/fussball/fussball/ganz-lippstadt-feiert-matthaeus-wird-noch-mal-trainer-80133004.bild.html,"
                                Rekord-Nationalspieler Lothar Matthäus ist Stargast beim Silber-Jubiläum des SV Lippstadt ",False,19052022,Bild
Mann nach Explosion in Wohnhaus abgeführt,Er trug ein Gewehr,2022-05-19 11:44:10,Thüringen,/regional/thueringen/thueringen-aktuell/weil-er-ein-gewehr-trug-mann-nach-explosion-in-wohnhaus-abgefuehrt-80138440.bild.html,"
                                Nach einer Explosion bei Gotha wurde versehentlich ein scheinbar bewaffneter Mann abgeführt.",False,19052022,Bild
„Top Gun Maverick“,Der Filmtrailer,2022-05-19,Kino,"https://www.bild.de/video/clip/kino/der-filmtrailer-top-gun-maverick-80136530,auto=true.bild.html","
                                Sehen Sie den Trailer zu „WTop Gun Maverick“.",False,19052022,Bild
Putin suspendiert General von untergegangener „Moskwa“,Wegen Kriegsversagens,2022-05-19 20:18:56,Politik Ausland,/politik/ausland/politik-ausland/ukraine-krieg-putin-suspendiert-general-von-untergegangener-moskwa-80143362.bild.html,"
                                Der Kreml-Despot hat offenbar genug vom Versagen seiner Top-Generale. ",False,19052022,Bild
Spieler wird  neuer Co-Trainer,Carl Zeiss Jena,2022-05-19 18:30:24,Fussball,/bild-plus/sport/fussball/fussball/carl-zeiss-jena-spieler-wird-neuer-co-trainer-80142212.bild.html,"
                                Bei Carl Zeiss Jena sind die ersten Personal-Entscheidungen gefallen.",True,19052022,Bild
Dubai-Wiesn vor Gericht gestutzt,Logo und Motto künftig verboten,2022-05-19 16:54:33,München,/regional/muenchen/muenchen-regional-politik-und-wirtschaft/logo-und-motto-kuenftig-verboten-dubai-wiesn-vor-gericht-gestutzt-80142978.bild.html,"
                                München – Nach über einem Jahr Gerichtszoff haben sich die Ausrichter eines Oktoberfestes in Dubai und die Stadt München geeinigt!",False,19052022,Bild
"Glückwunsch, VfL Wolfsburg...",Glasner holt Trophäe,2022-05-19 15:53:38,Bundesliga,/sport/fussball/fussball/vflwolfsburg-oliver-glasner-holt-europa-league-glueckwunsch-vfl-80140474.bild.html,"
                                Beim VfL Wolfsburg ging es für Oliver Glasner nicht weiter, mit Frankfurt feiert er jetzt.",False,19052022,Bild
Schmadtke sucht Trainer auf Ibiza,Büro auf der Insel,2022-05-19 14:03:24,Bundesliga,/sport/fussball/fussball/vfl-wolfsburg-mobile-office-joerg-schmadtke-sucht-trainer-von-ibiza-aus-80138378.bild.html,"
                                Trotz Kohfeldt-Entlassung, Image-Schaden und Trainer-Suche flog Schmadtke nach Ibiza.",False,19052022,Bild
Leipzigs Siegprämie enthüllt,Pott-Bonus steht,2022-05-19 11:43:07,Bundesliga,/bild-plus/sport/fussball/fussball/rb-leipzig-spieler-kassieren-rekord-praemie-fuer-dfb-pokalsieg-80131688.bild.html,"
                                BILD erfuhr: Ein Pokalsieg würde sich auch für die Leipziger Spieler auszahlen.",True,19052022,Bild
Wann steigt das  Conference-League-Finale?,Wichtige Termine,2022-05-19 09:43:47,Fussball,/sport/fussball/fussball-international/3-uefa-wettbewerb-wann-steigt-das-conference-league-finale-80131158.bild.html,"
                                Alle wichtigen Infos zur Europa League, Champions League und Conference League!",False,19052022,Bild
Mit dem E-Bike gegen Putin,Extrem mobil & leise,2022-05-19,Politik Ausland,"https://www.bild.de/video/clip/video/extrem-mobil-leise-mit-dem-e-bike-gegen-putin-80134620,auto=true.bild.html","
                                Im Kampf gegen russische Truppen greifen die Ukrainer immer wieder zu kreativen Methoden. ",False,19052022,Bild
DAS ist Gladbachs  Rausschmiss-Falle!,Warnung an Neu-Trainer,2022-05-19 18:21:57,Bundesliga,/bild-plus/sport/fussball/fussball/borussia-moenchengladbach-das-ist-gladbachs-rausschmiss-falle-80139760.bild.html,"
                                BILD erklärt Gladbachs Rausschmiss-Falle, in die in den letzten Jahren 4 Trainer tappten",True,19052022,Bild
Polizei lässt zwei Welpenhändler hochgehen,Zugriff in Ludwigsburg,2022-05-19 16:53:37,Stuttgart,/bild-plus/regional/stuttgart/stuttgart-aktuell/zugriff-in-ludwigsburg-polizei-laesst-welpenhaendler-hochgehen-80142756.bild.html,"
                                Einsatz auf dem Aldi-Parkplatz in Ludwigsburg. Die Beamten beschlagnahmten Welpen.",True,19052022,Bild
Brautpaar zündet sich bei Trauung an,Heiße Hochzeit,2022-05-19,News Ausland,"https://www.bild.de/video/clip/video/heisse-hochzeit-brautpaar-zuendet-sich-bei-trauung-an-80141736,auto=true.bild.html","
                                Diese Liebe ist richtig heiß. Nach ihrer Hochzeit stehen Braut und Bräutigam wortwörtlich in Flammen.",False,19052022,Bild
Neuer Torwart zu  Verhandlungen beim BVB!,Am Trainingszentrum erwischt,2022-05-19 14:00:21,Bundesliga,/sport/fussball/fussball/borussia-dortmund-erwischt-neuer-torwart-zu-verhandlungen-beim-bvb-80139712.bild.html,"
                                Nächste Transfer-Gespräche: Dortmund bastelt weiter im Vollgas-Tempo am neuen BVB! ",False,19052022,Bild
Rode zeigt seine Pott-Narbe,Nach Blut-Schock im Spiel,2022-05-19 11:23:13,Fussball,/sport/fussball/europa-league/nach-blut-schock-im-spiel-rode-zeigt-seine-pott-narbe-80136120.bild.html,"
                                An diesen Sieg wird Frankfurts Sebastian Rode künftig womöglich sein Spiegelbild erinnern.",False,19052022,Bild
„Die Täuschung“,Der Filmtrailer,2022-05-19,Kino,"https://www.bild.de/video/clip/kino/der-filmtrailer-die-taeuschung-80136694,auto=true.bild.html","
                                Sehen Sie den Trailer zu „Die Täuschung“.",False,19052022,Bild
Wird ER Magdeburgs  erster Neuzugang?,FCM auf Spielersuche,2022-05-19 20:15:27,3. Liga,/bild-plus/sport/fussball/fussball/1-fc-magdeburg-wird-er-der-erste-fcm-neuzugang-80145100.bild.html,"
                                Wird dieser Kicker der erste Neue bei Zweitliga-Aufsteiger 1. FC Magdeburg?",True,19052022,Bild
Schnappt ein Verein Burgstaller weg?,Geheimplan um Ösi,2022-05-19 18:18:45,2. Bundesliga,/bild-plus/sport/fussball/fussball/konkurrent-mit-geheimplan-schnappt-ein-verein-guido-burgstaller-weg-80141974.bild.html,"
                                Der 1. FC Nürnberg hat im Poker um St.-Pauli-Stürmer Guido Burgstaller neue Konkurrenz.",True,19052022,Bild
Sind Affenpocken auch ein Risiko für Deutschland?,Fälle in fünf Ländern,2022-05-19 16:53:48,Ratgeber,/ratgeber/2022/ratgeber/nach-rki-warnung-so-gefaehrlich-sind-affenpocken-wirklich-80133438.bild.html,"
                                Zuerst England, jetzt melden auch Spanien, Portugal, Italien und die USA Affenpocken-Fälle",False,19052022,Bild
78 400 Corona-Impfdosen drohen zu verfallen,Sachsen,2022-05-19 15:49:05,Dresden,/regional/dresden/dresden-aktuell/sachsen-78-400-corona-impfdosen-drohen-zu-verfallen-80141732.bild.html,"
                                Zehntausende Corona-Impfdosen drohen in den kommenden Wochen in Sachsen abzulaufen.",False,19052022,Bild
Hier gibt der Verdächtige auf,Neben ihm liegt noch die Waffe,2022-05-19,News Inland,"https://www.bild.de/video/clip/video/neben-ihm-liegt-noch-die-waffe-hier-gibt-der-verdaechtige-auf-nonstopnews-80140336,auto=true.bild.html","
                                Große Angst bei Schülern und Lehrern am Lloyd-Gymnasium an der Grazer Straße in Bremerhaven! Dort fielen am Morgen Schüsse.",False,19052022,Bild
Signiertes Fan-Paket ersteigern,MAX GIESINGER,2022-05-19 11:22:50,Ein Herz für Kinder,/news/einherzfuerkinder/ein-herz-fuer-kinder/max-giesinger-signiertes-fan-paket-ersteigern-80059678.bild.html,"
                                TOP-eBay-Auktion: Ersteigern Sie ein signiertes Fan-Paket von Popstar MAX GIESINGER.",False,19052022,Bild
„Alles in bester Ordnung “,Der Filmtrailer,2022-05-19,Kino,"https://www.bild.de/video/clip/kino/der-filmtrailer-alles-in-bester-ordnung-80136750,auto=true.bild.html","
                                Sehen Sie den Trailer zu „Alles in bester Ordnung“.",False,19052022,Bild
Brocken-Benno wird 90,Gipfel-Party im Harz,2022-05-19 20:12:25,Sachsen-Anhalt,/regional/sachsen-anhalt/leipzig-news/gipfel-party-im-harz-brocken-benno-wird-90-80145520.bild.html,"
                                Benno Schmidt (89) alias Brocken-Benno hat dem Krebs erneut ein Schippchen geschlagen.",False,19052022,Bild
Lauterbach hatte direkten Corona-Kontakt – ohne Maske,Gespräch mit Infiziertem,2022-05-19 18:17:15,Politik Inland,/politik/inland/politik-inland/vier-augen-gespraech-mit-infiziertem-corona-alarm-bei-lauterbach-80137740.bild.html,"
                                Corona-Alarm bei Bundesgesundheitsminister Karl Lauterbach (59, SPD)! ",False,19052022,Bild
Ganz Australien lacht  über diese Szene,Minister checkt Kind um,2022-05-19,Intornational,"https://www.bild.de/video/clip/video/minister-checkt-kind-um-ganz-australien-lacht-ueber-diese-szene-80140666,auto=true.bild.html","
                                Australiens Premier Minister Scott Morrison versucht sich am Fußball. Au weia...",False,19052022,Bild
US-Serienstar  stirbt mit 37,Marnie Schulenburg,2022-05-19 15:47:35,Leute,/unterhaltung/leute/leute/die-ruehrende-geschichte-von-marnie-schulenburg-us-serienstar-stirbt-mit-37-80135612.bild.html,"
                                US-Serienstar Marnie Schulenburg ist tot, starb mit nur 37 Jahren an Krebs.",False,19052022,Bild
Friesen-Treffen auf Helgoland,Große Party,2022-05-19 13:53:50,Hamburg,/regional/hamburg/hamburg-aktuell/grosse-party-friesen-treffen-sich-auf-helgoland-80137016.bild.html,"
                                Große Party auf Helgoland. Dort findet alle drei Jahre ein Friesentreffen statt.",False,19052022,Bild
Amira hat ’nen Wäsche-Fahrstuhl!,Luxus pur im Hause Pocher,2022-05-19,Leute,"https://www.bild.de/video/clip/video/luxus-pur-im-hause-pocher-amira-hat-nen-waesche-fahrstuhl-80127542,auto=true.bild.html","
                                Ordnung ist das halbe Leben. Frei nach dem Motto gewährt Amira Pocher einen Einblick in ihr Ankleidezimmer.",False,19052022,Bild
„Einen Diktatfrieden wird es nicht geben“,Scholz-Ansage an Putin,2022-05-19 09:39:12,Politik,/politik/2022/politik/ukraine-krieg-scholz-ansage-an-putin-einen-diktatfrieden-wird-es-nicht-geben-80136594.bild.html,"
                                In einer Rede im Bundestag fand Bundeskanzler Scholz deutliche Worte an Putin gerichtet.",False,19052022,Bild
So sehen Sie THW Kiel gegen Paris Saint-Germain im TV,Handball-Champions League,2022-05-19 20:10:46,Sport-Mix,/sport/mehr-sport/handball/handball-champions-league-so-sehen-sie-thw-kiel-gegen-paris-saint-germain-im-tv-80118730.bild.html,"
                                Erreicht Kiel das Halbfinale der EHF Champions League? So sehen Sie das PSG-Spiel im TV.",False,19052022,Bild
Wolfsburg ist sein schlimmster Knick,Kohfeldt vorgeführt,2022-05-19 18:12:27,Bundesliga,/sport/fussball/fussball/vflwolfsburg-gedemuetigt-vorgefuehrt-wolfsburg-ist-kohfeldts-schlimmster-knick-80140016.bild.html,"
                                Seit letztem Sonntag ist Florian Kohfeldt nicht mehr Trainer des VfL Wolfsburg. ",False,19052022,Bild
Pavlenka lebenslang Grün-Weiß?,Baumann glaubt dran ,2022-05-19 16:49:52,Bundesliga,/sport/fussball/fussball/werder-bremen-frank-baumann-glaubt-dran-jiri-pavlenka-lebenslang-gruen-weiss-80141170.bild.html,"
                                Frank Baumann kann sich vorstellen, dass Jiri Pavlenka seine Karriere bei Werder beendet.",False,19052022,Bild
Mit Eintracht-Power  zum Pokal-Sieg,Chemie Leipzig,2022-05-19 15:47:42,Fussball,/sport/fussball/fussball/chemie-leipzig-mit-eintracht-power-zum-pokal-sieg-80141932.bild.html,"
                                Vor sieben Jahren stand Miroslav Jagatic (45) schon einmal als Coach in einem Landespokal-Finale. Damals verlor er denkbar knapp mit...",False,19052022,Bild
Die richtige Finanzvollmacht für Ihre Lieben,Konto-Ärger für Grete,2022-05-19 13:48:52,BILD kämpft für Sie!,/bild-plus/sparfochs/bild-kaempft/bild-kaempft-fuer-sie/vorsorge-falsche-vollmacht-und-kein-geld-mehr-fuers-heim-80115046.bild.html,"
                                Was brauchen Sie, um Finanzen im Alter zu regeln? Eine Vorsorgevollmacht ist zu wenig!",True,19052022,Bild
Eintracht-Fans machen Nacht zum Tag,Party-Wahnsinn in Frankfurt,2022-05-19,Fußball,"https://www.bild.de/video/clip/sport-videos/eintracht-frankfurt-europa-league-fans-feiern-sieg-gegen-rangers-80138076,auto=true.bild.html","
                                Nach dem Sieg der Eintracht im Europa-League-Finale gegen die Glasgow Rangers brechen in Frankfurt alle Dämme. Tausende Fans machen in der Frankfurter Innenstadt die Nacht zum Tag. Schon am Donnerstag wartet das nächste Highlight auf Mannschaft und Fans. ",False,19052022,Bild
"Schwere Gewitter, Sturzregen, heftige Böen!",Wen die Unwetter-Front trifft,2022-05-19 09:36:34,News,/bild-plus/news/wetter/news-inland/wetter-experte-wettert-ueber-warn-wahnsinn-im-ahrtal-80122938.bild.html,"
                                Nach der Katastrophe im Ahrtal sind die Ängste groß. Doch es gibt Unmut über Wetter-Warnungen.",True,19052022,Bild
Warum Lewandowskis Barça-Wechsel ein Risiko wäre,Vertrauter verrät Detail,2022-05-19 20:08:08,Bundesliga,/sport/fussball/fussball/fc-bayern-warum-ein-barcelona-wechsel-von-robert-lewandowski-ein-risiko-waere-80140388.bild.html,"
                                Andrzej Juskowiak förderte Robert Lewandowski bei Lech Posen. Nun spricht er im Interview!",False,19052022,Bild
Schnappt sich dieser Verein Burgstaller?,Es ist nicht Nürnberg!,2022-05-19 18:11:58,2. Bundesliga,/bild-plus/sport/fussball/fussball/fc-st-pauli-es-ist-nicht-nuernberg-schnappt-sich-dieser-verein-burgstaller-80142466.bild.html,"
                                Der Poker um Burgstaller wird intensiver! Sein Abschied bei St. Pauli wahrscheinlicher.",True,19052022,Bild
1400 Cannabis-Pflanzen in altem Hotel angebaut,Gärtner vor Gericht,2022-05-19 16:48:57,Düsseldorf,/regional/duesseldorf/duesseldorf-aktuell/cannabis-gaertner-vor-gericht-1400-pflanzen-in-altem-hotel-angebaut-80141616.bild.html,"
                                In Mettmann wurde eine riesige Plantage hochgenommen. Die Gärtner stehen vor Gericht.",False,19052022,Bild
Die aktuelle  Lage im Live-Ticker,Ukraine-Krieg,2022-05-19 15:44:01,News,/news/2022/news/russland-krieg-gegen-ukraine-aktuell-im-liveticker-79328978.bild.html,"
                                Die russische Invasion in die Ukraine entsetzt die Welt. Die Lage im Live-Ticker.",False,19052022,Bild
Stars an Bord der „Rickmer Rickmers“,„Sound of peace“,2022-05-19 13:44:05,Hamburg,/regional/hamburg/hamburg-aktuell/sound-of-peace-stars-an-bord-der-rickmer-rickmers-80136930.bild.html,"
                                Das Museumsschiff „Rickmer Rickmers“ im Hafen wird zur Charity-Bühne.",False,19052022,Bild
Kaufmann bleibt der Tor-Joker,Mit Rostock-Elf in Berlin,2022-05-19 11:13:10,2. Bundesliga,/sport/fussball/fussball/hsv-relegations-duell-bei-hertha-mikkel-kaufmann-bleibt-der-tor-joker-80137316.bild.html,"
                                Sehr gut möglich, dass Coach Walter die Startelf von Rostock (3:2) bei Hertha loslässt.",False,19052022,Bild
Fließen die Extra-Milliarden in Waffen oder Cyber-Abwehr?,Zoff zwischen Union und Ampel,2022-05-19 09:16:27,Politik Inland,/politik/inland/politik-inland/bundeswehr-sondervermoegen-geld-ausschliesslich-fuer-die-streitkraefte-80131196.bild.html,"
                                Weiter Zoff um das Sondervermögen für die Bundeswehr! Die Unterhändler von Union und Am...",False,19052022,Bild
Künstler wehren sich gegen Verbot der Afrika-Show,Rassismus-Vorwurf!,2022-05-19 20:07:54,Leipzig,/regional/leipzig/leipzig-news/leipzig-kuenstler-wehren-sich-gegen-verbot-der-afrika-show-80145350.bild.html,"
                                Nun protestiert die Copacabana Sambashow, die dort regelmäßig auftrat und das jetzt nicht mehr darf.",False,19052022,Bild
Kossobutskiy will WM-Tür aufhämmern,Universum-Hoffnung,2022-05-19 18:11:22,Boxen,/sport/mehr-sport/boxen/boxen-universum-hoffnung-zhan-kossobutskiy-kaempft-um-wm-chance-80143928.bild.html,"
                                Vor fünf Jahren wurde Zhan Kossobutskiy Profi-Boxer. Jetzt ist die WM-Chance ganz nah.",False,19052022,Bild
Gewinne Karten für HSV gegen Hertha,Extrem begehrt!,2022-05-19 16:46:42,2. Bundesliga,/bild-plus/sport/fussball/fussball/hsv-hertha-gewinne-tickets-fuer-die-relegation-80130324.bild.html,"
                                Auf diesen Relegations-Hammer wartet ganz Fußball-Deutschland! Hertha gegen Hamburg. Bl...",True,19052022,Bild
Kommen Asow-Kämpfer in Putins Folter-Gefängnisse?,Schauprozesse in Planung,2022-05-19 15:41:47,Politik Ausland,/politik/ausland/politik-ausland/ukraine-krieg-asow-kaempfer-wohl-auf-dem-weg-in-fsb-folter-gefaengnisse-80138066.bild.html,"
                                Was wird aus den Asow-Kämpfern von Mariupol? Putin plant offenbar Schauprozesse. ",False,19052022,Bild
Amis schnappen DFB ein Bayern-Talent weg!,U21-Trainer enttäuscht,2022-05-19 13:43:56,Bundesliga,/sport/fussball/fussball/fc-bayern-muenchen-usa-schnappen-dfb-sturm-talent-malik-tillman-weg-80139924.bild.html,"
                                DFB enttäuscht: Überraschender Wechsel von Bayern-Juwel Malik Tillman zum US-Nationalteam!",False,19052022,Bild
Erster russischer Soldat bekennt sich schuldig,Kriegsverbrecher-Prozess,2022-05-19 11:07:14,Politik Ausland,/politik/ausland/politik-ausland/ukraine-krieg-erster-russischer-soldat-gibt-vor-gericht-kriegsverbrechen-zu-80135804.bild.html,"
                                Kriegsverbrechen in der Ukraine: Der erste russische Soldat hat seine Taten gestanden.",False,19052022,Bild
Welche Krankheit hinter  welchen Symptomen steckt,Magenschmerzen,2022-05-19 09:16:24,Gesundheit,/bild-plus/ratgeber/gesundheit/schmerzportal/magenschmerzen-welche-krankheit-hinter-welchen-symptomen-steckt-80117608.bild.html,"
                                Nur Stress oder eine Entzündung? Welche Beschwerden Sie mit Ihrem Arzt abklären sollten.",True,19052022,Bild
... weil er auf seinem Platz saß,Cousin sticht Cousin ab,2022-05-19 20:06:17,Köln,/bild-plus/regional/koeln/koeln-aktuell/koeln-weil-er-auf-seinem-platz-sass-cousin-sticht-cousin-ab-80144442.bild.html,"
                                Die sinnlose Bluttat in Köln-Ostheim geschah einen Tag vor Erkans 23. Geburtstag.",True,19052022,Bild
Laster kracht in Transporter – Fahrer tot,Tragischer A2-Unfall,2022-05-19 18:08:54,Ruhrgebiet,/regional/ruhrgebiet/ruhrgebiet-aktuell/unfall-auf-a2-bei-dortmund-transporter-zwischen-zwei-lkw-zerdrueckt-fahrer-tot-80143964.bild.html,"
                                Schreckliche Laster-Unfall Donnerstagmorgen auf der A2 bei Dortmund.",False,19052022,Bild
Sechs E-Autos brennen auf Transporter,Wagen in Flammen,2022-05-19 16:46:17,Nürnberg,/regional/nuernberg/muenchen-aktuell/wagen-in-flammen-sechs-e-autos-brennen-auf-transporter-80143106.bild.html,"
                                Mindestens sechs Elektro-Fahrzeuge sind in Unterfranken in Flammen aufgegangen.",False,19052022,Bild
Ukrainer greifen mit  Elektro-Bikes an,Kampf gegen Putins Truppen,2022-05-19 15:38:57,Politik Ausland,/politik/ausland/politik-ausland/ungewoehnliche-mittel-im-kampf-ukrainer-greifen-mit-elektro-bikes-putins-truppen-80132226.bild.html,"
                                Im Kampf gegen russische Truppen greifen die Ukrainer immer wieder zu kreativen Methoden. ",False,19052022,Bild
Frau wollte auf dem Rollfeld parken,Am Flughafen Düsseldorf,2022-05-19 13:41:29,Düsseldorf,/regional/duesseldorf/duesseldorf-aktuell/am-flughafen-duesseldorf-frau-wollte-auf-dem-rollfeld-parken-80140190.bild.html,"
                                Diese Frau hatte das Angebot „Park and fly“ offenbar falsch interpretiert.",False,19052022,Bild
Bekommt Stark sein Abschiedsspiel?,Hertha gegen HSV,2022-05-19 11:03:26,Bundesliga,/sport/fussball/fussball/hertha-bsc-verabschiedet-sich-niklas-stark-mit-der-relegation-80133960.bild.html,"
                                Herthas Mittelfeld-Abräumer Santiago Ascacibar ist gesperrt. Rückt Niklas Stark nach? ",False,19052022,Bild
Mutmaßliche Killer von Marco W. aus U-Haft entlassen,Stückel-Leiche vom Acker,2022-05-19 09:15:47,Bremen,/regional/bremen/bremen-aktuell/stueckel-leiche-vom-acker-mutmassliche-killer-von-marco-w-aus-u-haft-entlassen-80131482.bild.html,"
                                Drei Handwerker sollen Marco W. getötet haben. Doch das Trio wurde aus U-Haft entlassen.",False,19052022,Bild
Känguru-Baby zu groß für Beutel,Albino-Baby quetscht sich rein,2022-05-19 20:05:48,Dresden,/regional/dresden/dresden-aktuell/albino-kaenguru-im-zoo-decn-baby-einfach-zu-gross-fuer-hotel-mama-80137614.bild.html,"
                                Enge Kiste im Zoo von Decín (Tschechien) nahe der sächsischen Grenze.",False,19052022,Bild
Rodin-Kunstwerk am Neumarkt,Reker enthüllt Bronze,2022-05-19 18:07:56,Köln,/regional/koeln/koeln-aktuell/koeln-ob-henriette-reker-enthuellt-rodin-skulptur-am-neumarkt-80142012.bild.html,"
                                Der französische Nationaldichter Honoré de Balzac schmückt ab jetzt den Neumarkt.",False,19052022,Bild
Deal! Russe kauft ALLE 850 McDonald’s-Filialen,Nach dem „BigWeg“,2022-05-19 16:44:33,Wirtschaft,/geld/wirtschaft/wirtschaft/ukraine-krieg-mcdonalds-verkauft-russland-filialen-an-alexander-govor-80141818.bild.html,"
                                Ein Lizenznehmer hat sich mit McDonald’s auf den Kauf aller russischen Filialen geeinigt.",False,19052022,Bild
Schweiger drückt Freiburg die Daumen!,Fürs Pokal-Finale,2022-05-19 15:36:07,Fussball,/sport/fussball/dfb-pokal/fuers-pokal-finale-schweiger-drueckt-freiburg-die-daumen-80140852.bild.html,"
                                Auch Promis unterstützen den SC Freiburg! Schauspiel-Star Til Schweiger (58) kommt gebü...",False,19052022,Bild
Flick nimmt Nmecha mit,WM-Hoffnung lebt,2022-05-19 13:32:30,Bundesliga,/sport/fussball/fussball/vfl-wolfsburg-hansi-flick-nimmt-lukas-nmecha-mit-80139408.bild.html,"
                                Bundestrainer Hansi Flick nominiert Lukas Nmecha für die nächsten Länderspiele.",False,19052022,Bild
Wilde Eintracht-Party  bis 7 Uhr!,Der Pott kam mit in die Disco,2022-05-19 10:52:11,Bundesliga,/sport/fussball/fussball/so-irre-so-froehlich-so-lang-so-lief-eintrachts-pott-nacht-80135310.bild.html,"
                                .Titel, Checks und fette Beats. So feiert Eintracht den Gewinn der Euorpa League.",False,19052022,Bild
Tafeln  trostlos!,Weniger Lebensmittel,2022-05-19 09:15:57,Bremen,/regional/bremen/bremen-aktuell/immer-weniger-lebensmittel-in-bremen-tafeln-trostlos-80125682.bild.html,"
                                Waldemar Beutler (69) kommt ohne Lebensmittelspenden nicht über die Runden.",False,19052022,Bild
Kovac wird Wolfsburg-Trainer,Bundesliga-Hammer,2022-05-19 20:04:18,Bundesliga,/sport/fussball/fussball/vfl-wolfsburg-niko-kovac-vor-bundesliga-rueckkehr-80143878.bild.html,"
                                Der Ex-Bayern-Trainer wird bei Wolfsburg einen Vertrag bis 2025 unterschreiben.",False,19052022,Bild
Die Ankunft der Eintracht-Helden,Triumphzug durch Frankfurt im Live-Stream,2022-05-19 18:05:19,Bundesliga,/sport/fussball/fussball/triumphzug-durch-frankfurt-im-live-stream-die-ankunft-der-eintracht-helden-80143660.bild.html,"
                                Nach dem Triumph in der Europa League wird die Eintracht mit dem Pott in Frankfurt erwartet.",False,19052022,Bild
Polizeikugel stoppt Automaten-Sprenger,Verdächtiger in Klinik,2022-05-19 16:44:16,Ruhrgebiet,/regional/ruhrgebiet/ruhrgebiet-aktuell/castrop-rauxel-polizeikugel-stoppt-automaten-sprenger-80135866.bild.html,"
                                Auf frischer Tat haben Polizisten Geldautomaten-Sprenger erwischt – einer wurde angeschossen! ",False,19052022,Bild
Sporttrainer (53) zu 5 Jahren Knast verurteilt,Sexueller Missbrauch,2022-05-19 15:30:56,Stuttgart,/regional/stuttgart/muenchen-aktuell/sexueller-missbrauch-sporttrainer-53-zu-5-jahren-knast-verurteilt-80141266.bild.html,"
                                Das Landgericht Stuttgart verurteilte den Ex-Handball-Trainer zu über 5 Jahren Gefängnis.",False,19052022,Bild
Putin-Tochter mit Star-Tänzer in München liiert?,Berichte legen nahe,2022-05-19 13:25:45,Politik Ausland,/politik/ausland/politik-ausland/berichte-legen-nahe-putin-tochter-mit-star-taenzer-in-muenchen-liiert-80139000.bild.html,"
                                Putin-Tochter Katerina Tikhonova soll mit Choreographen Igor Selensky liiert sein",False,19052022,Bild
Porno-Prügelei vor Nachtclub,"Kein Slip, kein BH – viel Alkohol!",2022-05-19,News Ausland,"https://www.bild.de/video/clip/news-ausland/kein-hoeschen-viel-alkohol-porno-sternchen-pruegeln-sich-vor-nachtclub-80127924,auto=true.bild.html","
                                Die beiden britischen Pornostars wurden gemeinsam für ein Event in einem Nachtclub in Bratislava gebucht. Doch dann kommt alles anders. Sie prügeln sich im betrunkenen Zustand.",False,19052022,Bild
Auto kracht bei Aschaffenburg in Grillwagen,Zwei Schwerverletzte,2022-05-19 09:14:24,Nürnberg,/regional/nuernberg/nuernberg-news/zwei-schwerverletzte-auto-kracht-bei-aschaffenburg-in-grillwagen-80136460.bild.html,"
                                Ein Autofahrer kracht in Stockstadt (Kreis Aschaffenburg) in einen Grill-Wagen.",False,19052022,Bild
70 000 Euro für einen Arm,Bau-Unfall,2022-05-19 20:04:25,Ruhrgebiet,/regional/ruhrgebiet/ruhrgebiet-aktuell/recklinghausen-70-000-euro-schadenersatz-fuer-einen-arm-80145076.bild.html,"
                                Plötzlich löste sich ein 1,2-Tonnen-Stahlrohr – und trennte Edwin M. (58) den halben Arm ab!",False,19052022,Bild
Hübers schwärmt von Schaub,„Ein guter Fang“ für 96,2022-05-19 18:04:28,2. Bundesliga,/sport/fussball/fussball/hannover-96-koelner-timo-huebers-schwaermt-von-kollege-louis-schaub-80139776.bild.html,"
                                Louis Schaub ist der 5. Neue. Köln-Kumpel und Ex-96er Timo Hübers erzählt, wie er tickt.",False,19052022,Bild
Flick sortiert Ginter  und Neuhaus aus,Nur Hofmann beim DFB,2022-05-19 16:42:52,Bundesliga,/sport/fussball/fussball/borussia-moenchengladbach-flick-sortiert-ginter-und-neuhaus-aus-80139882.bild.html,"
                                Bittere Nachricht für Florian Neuhaus und Matze Ginter – sie erhielten keine DFB-Einladung",False,19052022,Bild
FC Lok holt Weigel  aus Halberstadt,Der 1. Neue ist da,2022-05-19 15:28:27,Fussball,/sport/fussball/fussball/lok-leipzig-holt-weigel-aus-halberstadt-80141504.bild.html,"
                                Der FC Lok hat den ersten Neuen! Julian Weigel (20) wechselt von Germania Halberstadt nach Probstheida und unterschrieb bis 2024. De...",False,19052022,Bild
Zoll fasst Dealer im Kinderzimmer,"Pilze, Gras, Pillen",2022-05-19 13:14:34,Frankfurt,/regional/frankfurt/frankfurt-aktuell/kaiserslautern-pilze-gras-pillen-zoll-fasst-dealer-im-kinderzimmer-80137504.bild.html,"
                                In Rheinland-Pfalz haben Ermittler einen Dealer in seinem Kinderzimmer gefasst.",False,19052022,Bild
ARD und DAZN verhandeln mit diesem Weltmeister,TV-Kracher bahnt sich an,2022-05-19 10:50:26,Fussball,/sport/fussball/europa-league/ard-und-dazn-verhandeln-mit-sami-khedira-tv-kracher-bahnt-sich-an-80136476.bild.html,"
                                Wie SPORT BILD erfuhr, laufen gute Gespräche zwischen DAZN und einem 2014er-Weltmeister. ",False,19052022,Bild
Zoff um Eintrachts Choreo,Chaos kurz vorm Anpfiff!,2022-05-19 09:09:10,Fussball,/sport/fussball/europa-league/frankfurt-rangers-europa-league-zoff-um-eintracht-choreo-kurz-vorm-finale-80133992.bild.html,"
                                Kurz vorm Finale Frankfurt gegen Rangers kam es zu unschönen Szenen im Frankfurter Block.",False,19052022,Bild
12-Jährige lässt Stradivari-Nachbau im Zug,11 000-Euro-Geige vergessen,2022-05-19 20:03:52,München,/regional/muenchen/muenchen-aktuell/im-regionalzug-12-jaehrige-vergisst-stradivari-nachbau-80144788.bild.html,"
                                Ein Mädchen hat den Nachbau einer Stradivari-Geige (Wert 11000) im Regionalzug vergessen.",False,19052022,Bild
So liebevoll war  Alexandra als Mutter,Chanson-Legende,2022-05-19 18:02:31,Leute,/unterhaltung/leute/leute/alexandra-so-liebevoll-war-die-chanson-legende-als-mutter-80143036.bild.html,"
                                Alexandra („Mein Freund, der Baum“) wäre jetzt 80 Jahre alt geworden. Bei BILD spricht ihr Sohn.",False,19052022,Bild
Huli-Häuptling pflanzt Baum im Zoo,Mission Umweltschutz,2022-05-19 16:42:04,Saarland,/regional/saarland/saarland-news/umweltschutz-als-mission-huli-haeuptling-pflanzt-baum-im-zoo-80142542.bild.html,"
                                In der Heimat von Mundiya Kepanga werden Bäume zur Erinnerung gepflanzt...",False,19052022,Bild
Vor dieser Sitzung zittert selbst der Kanzler!,Heute geht es ums Geld,2022-05-19 15:28:00,Politik,/politik/2022/politik/haushaltsausschuss-vor-dieser-sitzung-zittert-selbst-der-kanzler-80140834.bild.html,"
                                Seit heute Nachmittag tagt im Bundestag der Haushaltsausschuss. ",False,19052022,Bild
Maserati demoliert Spanische Treppe,Navi spielt verrückt,2022-05-19,News Ausland,"https://www.bild.de/video/clip/video/navi-spielt-verrueckt-maserati-demoliert-spanische-treppe-80121360,auto=true.bild.html","
                                Ein Tourist in Rom ist von seinem Navi verwirrt und nimmt die Abkürzung über die spanische Treppe. Das wird ein teurer Urlaub!",False,19052022,Bild
Finale minutenlang unterbrochen,Frankfurt-Kapitän voller Blut,2022-05-19 10:42:03,Fussball,/sport/fussball/europa-league/eintracht-frankfurt-sebastian-rode-voller-blut-europa-league-finale-minutenlang-80134448.bild.html,"
                                Das Europa-League-Finale beginnt für die Eintracht mit einem Schock-Moment! Die 5. Minu...",False,19052022,Bild
Kann Dembélé Bayern überhaupt helfen?,Auf einmal Wunschtransfer,2022-05-19 09:09:48,Bundesliga,/sport/fussball/fussball/frueher-sorgenkind-jetzt-wunschtransfer-kann-dembl-dem-fc-bayern-helfen-80130452.bild.html,"
                                Ist DER wirklich einer für den FC Bayern? Der Rekordmeister hat Ousmane Dembélé im Visier.",False,19052022,Bild
